Time, a, b, c, d, e, f, 
2025-04-19 13:20:02.158061,22.437,  21.5,21.062,20.687,21.187, 19.75,
2025-04-19 13:26:18.311167,22.437,  21.5,21.125,20.687, 21.25,19.812,
2025-04-19 13:27:23.124643,22.437,  21.5,21.125,20.687, 21.25,19.812,
2025-04-19 13:28:27.924543,22.437,21.562,21.125, 20.75,21.437,19.812,
2025-04-19 13:29:32.916575,22.437,  21.5,21.125, 20.75,21.375, 19.75,
2025-04-19 13:30:37.908524,22.437,  21.5,21.125, 20.75,21.375, 19.75,
2025-04-19 13:31:42.964501,22.437,21.437,21.125,20.687,21.375, 19.75,
2025-04-19 13:32:47.956527,22.437,21.437,21.062,20.687,21.312, 19.75,
2025-04-19 13:33:53.012530,22.437,21.437,21.062,20.687,21.312, 19.75,
2025-04-19 13:34:58.004498,22.375,21.437,21.062,20.625,21.312, 19.75,
2025-04-19 13:36:03.060487,22.375,21.375,21.062,20.625,21.312, 19.75,
2025-04-19 13:37:08.052495,22.375,21.312,21.062,20.625,21.312,19.687,
2025-04-19 13:38:13.108533,22.312,21.375,  21.0,20.625, 21.25,19.687,
2025-04-19 13:39:18.100548,22.312,21.375,  21.0,20.625, 21.25,19.687,
2025-04-19 13:40:23.156515,22.375,21.312,21.062,20.625, 21.25,19.687,
2025-04-19 13:41:28.148526,22.312,21.312,  21.0,20.562, 21.25,19.687,
2025-04-19 13:42:33.204519,22.312,21.312,  21.0,20.562, 21.25,19.625,
2025-04-19 13:43:38.196511,22.312,21.312,  21.0,20.562, 21.25,19.687,
2025-04-19 13:44:43.188501,22.312, 21.25,  21.0,20.562,21.187,19.625,
2025-04-19 13:45:48.244534,22.312,21.312,  21.0,20.562,21.187,19.625,
2025-04-19 13:46:53.300521,22.312,21.312,  21.0,20.562,21.187,19.625,
2025-04-19 13:47:58.292541,22.312,21.312,  21.0,20.562, 21.25,19.625,
2025-04-19 13:49:03.348505,22.312,21.375,  21.0,20.562,21.187,19.625,
2025-04-19 13:50:08.340490,22.312,21.375,  21.0,20.562, 21.25,19.625,
2025-04-19 13:51:13.396513,22.312,21.312,  21.0,20.562, 21.25,19.625,
2025-04-19 13:52:18.388536,22.312,21.375,  21.0,20.562, 21.25,19.625,
2025-04-19 13:53:23.444515,22.312,21.375,  21.0,20.562, 21.25,19.625,
2025-04-19 13:54:28.436539,22.312,21.375,  21.0,20.562, 21.25,19.625,
2025-04-19 13:55:33.492495,22.312,21.375,  21.0,20.562, 21.25,19.625,
2025-04-19 13:56:38.484540, 22.25,21.375,20.937,20.562, 21.25,19.625,
2025-04-19 13:57:43.540499, 22.25,21.312,20.937,20.562,21.187,19.562,
2025-04-19 13:58:48.532577, 22.25,21.312,20.937,  20.5,21.187,19.625,
2025-04-19 13:59:53.524580, 22.25,21.312,20.937,20.562,21.187,19.625,
2025-04-19 14:00:58.580540, 22.25,21.375,20.937,20.562, 21.25,19.625,
2025-04-19 14:02:03.572509, 22.25,21.375,  21.0,  20.5, 21.25,19.625,
2025-04-19 14:03:08.596506, 22.25,21.375,  21.0,  20.5,21.187,19.562,
2025-04-19 14:04:13.652559, 22.25,21.375,20.937,  20.5,21.187,19.562,
2025-04-19 14:05:18.708539, 22.25,21.375,20.937,  20.5,21.187,19.562,
2025-04-19 14:06:23.668501, 22.25, 21.25,20.937,  20.5,21.125,19.562,
2025-04-19 14:07:28.724509, 22.25, 21.25,20.937,  20.5,21.125,19.562,
2025-04-19 14:08:33.716523, 22.25, 21.25,20.875,  20.5,21.125,  19.5,
2025-04-19 14:09:38.772532, 22.25, 21.25,20.875,20.437,21.062,  19.5,
2025-04-19 14:10:43.828500,22.187, 21.25,20.875,  20.5,21.062,  19.5,
2025-04-19 14:11:48.820525,22.187,21.187,20.875,20.437,21.062,  19.5,
2025-04-19 14:12:53.876516,22.125,21.187,20.875,20.437,21.062,  19.5,
2025-04-19 14:13:58.868506,22.125,21.187,20.812,20.375,21.062,  19.5,
2025-04-19 14:15:03.924539,22.125,21.187,20.812,20.437,21.062,  19.5,
2025-04-19 14:16:08.916492,22.125,21.187,20.812,20.437,21.062,  19.5,
2025-04-19 14:17:13.972516,22.125,21.187,20.875,20.437,21.125,  19.5,
2025-04-19 14:18:18.964706,22.125,21.187,20.875,20.437,21.125,  19.5,
2025-04-19 14:19:24.020550,22.125,21.187,20.875,20.437,21.062,  19.5,
2025-04-19 14:20:29.012489,22.125,21.125,20.875,20.375,21.062,19.437,
2025-04-19 14:21:34.004489,22.062,21.062,20.812,20.375,  21.0,19.437,
2025-04-19 14:22:39.060480,22.062,21.062,20.875,20.375,  21.0,  19.5,
2025-04-19 14:23:44.116468,22.125,21.187,20.812,20.375,21.062,  19.5,
2025-04-19 14:24:49.172545,22.125,21.187,20.875,20.437,21.062,  19.5,
2025-04-19 14:25:54.164521,22.062,21.125,20.812,20.375,  21.0,19.437,
2025-04-19 14:26:59.156480,22.062,21.125,20.812,20.375,  21.0,19.375,
2025-04-19 14:28:04.148567,22.062,21.062, 20.75,20.375,20.937,19.375,
2025-04-19 14:29:09.204537,22.062,21.062, 20.75,20.312,20.937,19.375,
2025-04-19 14:30:14.260528,21.937,  21.0,20.687, 20.25,  21.0,19.312,
2025-04-19 14:31:19.252535,21.937,  21.0, 20.75,20.312,21.187,19.312,
2025-04-19 14:32:24.308555,21.937,  21.0, 20.75,20.312,  21.0, 19.25,
2025-04-19 14:33:29.300510,21.875,20.937,20.687, 20.25,21.125, 19.25,
2025-04-19 14:34:34.356528,21.875,20.937,20.687, 20.25,21.187, 19.25,
2025-04-19 14:35:39.348489,21.937,  21.0,20.687, 20.25,21.187,19.312,
2025-04-19 14:36:44.340484,21.937,20.937,20.687, 20.25,21.062, 19.25,
2025-04-19 14:37:49.396567,21.875,  21.0,20.687, 20.25,21.062, 19.25,
2025-04-19 14:38:54.453143,21.937,  21.0,20.687,20.312,  21.0, 19.25,
2025-04-19 14:39:59.444540,21.937,  21.0,20.687, 20.25,  21.0, 19.25,
2025-04-19 14:41:04.500544,21.937,  21.0,20.687,20.312,21.062,19.312,
2025-04-19 14:42:09.492536,21.875,20.937,20.625,20.187,  21.0, 19.25,
2025-04-19 14:43:14.548517,21.875,20.875,20.625,20.187,  21.0, 19.25,
2025-04-19 14:44:19.540528,21.812,20.875,20.625,20.187,21.062,19.187,
2025-04-19 14:45:24.596521,21.812,20.875,20.625,20.187,21.187,19.062,
2025-04-19 14:46:29.588526,21.812,20.812,20.625,20.125,20.562,19.062,
2025-04-19 14:47:34.644516,21.812,20.812,20.625,20.187,  20.5,19.062,
2025-04-19 14:48:39.637106,21.812,20.812,20.625,20.187,  20.5,19.062,
2025-04-19 14:49:44.628524,21.812,20.812,  20.5,20.125,  20.5,19.062,
2025-04-19 14:50:49.684533,21.812,20.812,  20.5,20.187,  20.5,19.125,
2025-04-19 14:51:54.740540,21.812,20.812,  20.5,20.125,  20.5,19.062,
2025-04-19 14:52:59.700510,21.812,20.812,20.437,20.125,  20.5,19.062,
2025-04-19 14:54:04.756536,21.812,20.812,20.437,20.125,  20.5,19.062,
2025-04-19 14:55:09.812564,21.812,20.875,  20.5,20.187,  20.5,19.125,
2025-04-19 14:56:14.804501,21.812,20.875,  20.5,20.187,  20.5,19.125,
2025-04-19 14:57:19.796501,21.812,20.875,  20.5,20.187,  20.5,19.125,
2025-04-19 14:58:24.852524,21.812,20.875,  20.5,20.187,  20.5,19.125,
2025-04-19 14:59:29.908542,21.812,20.875,  20.5,20.187,20.562,19.125,
2025-04-19 15:00:34.900541,21.812,20.875,  20.5,20.187,20.562,19.125,
2025-04-19 15:01:39.956513,21.812,20.875,  20.5,20.187,  20.5,19.125,
2025-04-19 15:02:44.948501,21.812,20.875,20.437,20.125,  20.5,19.125,
2025-04-19 15:03:49.940524,21.812,20.875,20.437,20.125,  20.5,19.125,
2025-04-19 15:04:54.996530,21.812,20.875,20.437,20.125,20.562,19.125,
2025-04-19 15:06:00.052515,21.812,20.875,  20.5,20.187,20.562,19.187,
2025-04-19 15:07:05.044552,21.812,20.875,  20.5,20.187,20.562,19.187,
2025-04-19 15:08:10.036530,21.812,20.875,  20.5,20.187,20.625,19.187,
2025-04-19 15:09:15.060512,21.812,20.937,20.562,20.187,20.625,19.187,
2025-04-19 15:10:20.116574,21.875,20.937,20.562,20.187,20.625, 19.25,
2025-04-19 15:11:25.172558,21.875,20.937,20.562,20.187,20.625, 19.25,
2025-04-19 15:12:30.164527,21.875,20.937,20.562,20.187,20.625, 19.25,
2025-04-19 15:13:35.220531,21.875,20.937,20.562,20.187,20.625, 19.25,
2025-04-19 15:14:40.212526,21.875,20.937,20.562,20.187,20.625, 19.25,
2025-04-19 15:15:45.268543,21.812,20.937,  20.5,20.187,20.625,19.187,
2025-04-19 15:16:50.260535,21.875,20.937,  20.5,20.187,20.625, 19.25,
2025-04-19 15:17:55.316529,21.812,20.937,  20.5,20.187,20.625, 19.25,
2025-04-19 15:19:00.308504,21.812,20.937,20.562,20.187,20.625, 19.25,
2025-04-19 15:20:05.364545,21.875,20.937,  20.5,20.187,20.625, 19.25,
2025-04-19 15:21:10.356520,21.875,20.937,  20.5,20.187,20.625, 19.25,
2025-04-19 15:22:15.412482,21.812,20.937,  20.5,20.187,20.625, 19.25,
2025-04-19 15:23:20.404515,21.812,20.937,  20.5,20.187,20.625,19.187,
2025-04-19 15:24:25.460552,21.875,20.937,  20.5,20.187,20.625, 19.25,
2025-04-19 15:25:30.452530,21.875,20.937,  20.5,20.187,20.625,19.187,
2025-04-19 15:26:35.508536,21.875,20.937,20.562,20.187,20.687, 19.25,
2025-04-19 15:27:40.500544,21.875,  21.0,20.562,20.187,20.687, 19.25,
2025-04-19 15:28:45.492549,21.875,  21.0,20.562,20.187,20.687, 19.25,
2025-04-19 15:29:50.548522,21.875,  21.0,20.562,20.187,20.687, 19.25,
2025-04-19 15:30:55.604501,21.875,  21.0,20.562,20.187,20.625, 19.25,
2025-04-19 15:32:00.660492,21.875,  21.0,20.562, 20.25,20.687, 19.25,
2025-04-19 15:33:05.653122,21.875,  21.0,20.562,20.187,20.687, 19.25,
2025-04-19 15:34:10.644514,21.812,  21.0,20.562,20.187,20.687, 19.25,
2025-04-19 15:35:15.700530,21.812,  21.0,20.562,20.187,20.687, 19.25,
2025-04-19 15:36:20.692513,21.812,20.937,20.562,20.187,20.625, 19.25,
2025-04-19 15:37:25.748518,21.875,20.937,20.562,20.187,20.625, 19.25,
2025-04-19 15:38:30.740540,21.875,20.937,20.562,20.187,20.625,19.187,
2025-04-19 15:39:35.732497,21.812,20.937,  20.5,20.187,20.625,19.187,
2025-04-19 15:40:40.788556,21.812,20.937,20.562,20.187,20.625,19.187,
2025-04-19 15:41:45.844556,21.812,20.937,20.562,20.187,20.625,19.187,
2025-04-19 15:42:50.836520,21.812,20.937,20.562,20.187,20.625,19.187,
2025-04-19 15:43:55.892494,21.812,20.937,  20.5,20.187,20.625,19.187,
2025-04-19 15:45:00.884493,21.812,20.937,  20.5,20.187,20.625,19.187,
2025-04-19 15:46:05.940541,21.812,20.937,  20.5,20.187,20.625,19.187,
2025-04-19 15:47:10.932515,21.812,20.937,  20.5,20.125,20.562,19.187,
2025-04-19 15:48:15.924534,21.812,20.937,  20.5,20.187,20.625,19.187,
2025-04-19 15:49:20.980539,21.812,20.937,  20.5,20.187,20.562,19.187,
2025-04-19 15:50:26.036534,21.812,20.937,  20.5,20.125,20.625,19.187,
2025-04-19 15:51:31.028856,21.812,20.937,20.437,20.187,20.562,19.125,
2025-04-19 15:52:36.084570,21.812,20.875,  20.5,20.125,20.562,19.125,
2025-04-19 15:53:41.076515,21.812,20.875,20.437,20.125,20.562,19.125,
2025-04-19 15:54:46.132518,21.812,20.812,20.437,20.125,  20.5,19.125,
2025-04-19 15:55:51.124482, 21.75,20.812,20.437,20.125,  20.5,  19.0,
2025-04-19 15:56:56.180552, 21.75,20.812,20.437,20.125,20.437,19.062,
2025-04-19 15:58:01.172586, 21.75, 20.75,20.375,20.125,20.437,  19.0,
2025-04-19 15:59:06.228505, 21.75,20.687,20.312,20.062,20.375,18.937,
2025-04-19 16:00:11.220557, 21.75,20.687,20.375,20.062,20.375,18.937,
2025-04-19 16:01:16.276534, 21.75,20.687,20.312,20.062,20.375,18.937,
2025-04-19 16:02:21.268511, 21.75,20.687,20.375,20.062,20.312,18.937,
2025-04-19 16:03:26.324511, 21.75,20.687,20.312,  20.0,20.312,18.937,
2025-04-19 16:04:31.316521,21.687,20.687,20.375,  20.0,20.312,18.937,
2025-04-19 16:05:36.372526, 21.75,20.687,20.312,  20.0,20.312,18.937,
2025-04-19 16:06:41.364461, 21.75,20.687,20.375,  20.0,20.375,  19.0,
2025-04-19 16:07:46.420521, 21.75, 20.75,20.375,20.062,20.437,  19.0,
2025-04-19 16:08:51.412508, 21.75,20.812,20.375,20.062,20.437,  19.0,
2025-04-19 16:09:56.468547, 21.75,20.812,20.437,20.062,  20.5,19.062,
2025-04-19 16:11:01.460510, 21.75,20.812,20.437,20.062,20.437,19.062,
2025-04-19 16:12:06.452519, 21.75,20.812,20.437,20.062,  20.5,  19.0,
2025-04-19 16:13:11.508500, 21.75,20.812,20.375,20.062,20.437,19.062,
2025-04-19 16:14:16.500535, 21.75,20.812,20.375,20.062,20.437,19.062,
2025-04-19 16:15:21.556481, 21.75,20.812,20.437,20.062,  20.5,19.062,
2025-04-19 16:16:26.612518, 21.75,20.812,20.437,20.062,  20.5,19.062,
2025-04-19 16:17:31.604544, 21.75,20.812,20.437,20.062,  20.5,19.062,
2025-04-19 16:18:36.660499, 21.75,20.812,20.437,20.062,  20.5,19.062,
2025-04-19 16:19:41.652515, 21.75,20.812,20.437,20.062,  20.5,19.062,
2025-04-19 16:20:46.708487, 21.75,20.812,20.437,20.125,  20.5,19.062,
2025-04-19 16:21:51.700532, 21.75,20.812,20.437,20.062,  20.5,19.062,
2025-04-19 16:22:56.725095, 21.75,20.812,20.437,20.125,  20.5,19.062,
2025-04-19 16:24:01.780494, 21.75,20.812,20.437,20.062,  20.5,19.062,
2025-04-19 16:25:06.772497, 21.75,20.812,20.437,20.125,  20.5,19.125,
2025-04-19 16:26:11.828491, 21.75,20.875,20.437,20.062,20.562,19.125,
2025-04-19 16:27:16.820518, 21.75,20.812,20.437,20.125,20.562,19.062,
2025-04-19 16:28:21.876460,21.812,20.812,20.437,20.062,20.562,19.062,
2025-04-19 16:29:26.868539, 21.75,20.812,20.437,20.062,  20.5,19.062,
2025-04-19 16:30:31.860531, 21.75,20.812,20.437,20.062,  20.5,19.062,
2025-04-19 16:31:36.916520, 21.75,20.812,20.437,20.062,  20.5,19.062,
2025-04-19 16:32:41.908518, 21.75, 20.75,20.437,20.062,20.437,19.062,
2025-04-19 16:33:46.964544, 21.75, 20.75,20.437,20.062,20.437,  19.0,
2025-04-19 16:34:51.988481, 21.75, 20.75,20.375,20.062,20.437,  19.0,
2025-04-19 16:35:57.044610, 21.75, 20.75,20.375,  20.0,20.437,  19.0,
2025-04-19 16:37:02.036473, 21.75, 20.75,20.375,20.062,20.437,  19.0,
2025-04-19 16:38:07.092542,21.687, 20.75,20.375,  20.0,20.437,  19.0,
2025-04-19 16:39:12.084523,21.687, 20.75,20.375,20.062,20.375,  19.0,
2025-04-19 16:40:17.076500,21.687,20.687,20.312,20.062,20.375,18.937,
2025-04-19 16:41:22.132490,21.687,20.687,20.312,  20.0,20.375,18.937,
2025-04-19 16:42:27.188535,21.687,20.687,20.312,  20.0,20.375,18.937,
2025-04-19 16:43:32.180534,21.687,20.687,20.312,  20.0,20.375,18.937,
2025-04-19 16:44:37.172503,21.687,20.687,20.312,  20.0,20.375,18.937,
2025-04-19 16:45:42.228502,21.687,20.687,20.312,  20.0,20.375,18.937,
2025-04-19 16:46:47.284776,21.687,20.687,20.312,  20.0,20.375,18.937,
2025-04-19 16:47:52.276539,21.687,20.687,20.312,  20.0,20.375,18.937,
2025-04-19 16:48:57.332506,21.687,20.687,20.312,  20.0,20.375,18.937,
2025-04-19 16:50:02.324496,21.687,20.687,20.312,  20.0,20.375,18.937,
2025-04-19 16:51:07.380507,21.687,20.687,20.375,  20.0,20.375,18.937,
2025-04-19 16:52:12.372479,21.687,20.687,20.375,  20.0,20.375,18.937,
2025-04-19 16:53:17.428548,21.687,20.687,20.375,  20.0,20.375,18.875,
2025-04-19 16:54:22.420538,21.687,20.687,20.375,  20.0,20.375,18.937,
2025-04-19 16:55:27.476531,21.687,20.687,20.312,  20.0,20.375,18.937,
2025-04-19 16:56:32.468514,21.687,20.687,20.312,  20.0,20.375,18.875,
2025-04-19 16:57:37.524505,21.687,20.687,20.312,  20.0,20.375,18.937,
2025-04-19 16:58:42.516494,21.687,20.687,20.312,  20.0,20.375,18.875,
2025-04-19 16:59:47.572529,21.687,20.687,20.312,  20.0,20.375,18.875,
2025-04-19 17:00:52.628540,21.687,20.687,20.312,  20.0,20.312,18.875,
2025-04-19 17:01:57.620505,21.687,20.687,20.312,  20.0,20.375,18.875,
2025-04-19 17:03:02.612503,21.687,20.687,20.312,  20.0,20.375,18.875,
2025-04-19 17:04:07.668550,21.687,20.625,20.312,19.937,20.375,18.875,
2025-04-19 17:05:12.660568,21.687,20.625,20.312,19.937,20.312,18.875,
2025-04-19 17:06:17.716531,21.687,20.687, 20.25,19.937,20.312,18.875,
2025-04-19 17:07:22.708521,21.687,20.687,20.312,19.937,20.312,18.875,
2025-04-19 17:08:27.764497,21.625,20.687, 20.25,19.937, 20.25,18.812,
2025-04-19 17:09:32.756547,21.562,20.562, 20.25,19.937, 20.25,18.812,
2025-04-19 17:10:37.748514,21.562,20.562, 20.25,19.937, 20.25,18.812,
2025-04-19 17:11:42.804518,21.562,20.562,20.187,19.875,20.125, 18.75,
2025-04-19 17:12:47.796535,21.562,20.437,20.187,19.812,20.125, 18.75,
2025-04-19 17:13:52.852563,21.437,20.375,20.125,19.812,20.062,18.625,
2025-04-19 17:14:57.844803,21.437,20.437,20.125,19.812,20.125,18.687,
2025-04-19 17:16:02.900498,21.437,20.437,20.125,19.812,20.062,18.625,
2025-04-19 17:17:07.892501,21.437,20.375,20.125,19.812,20.062,18.625,
2025-04-19 17:18:12.948500,21.375,20.375,20.125,19.812,20.062,18.625,
2025-04-19 17:19:17.940523,21.437,20.437,20.125,19.812,20.062,18.687,
2025-04-19 17:20:22.996524,21.437,20.437,20.125,19.812,20.125,18.687,
2025-04-19 17:21:28.052502,21.437,20.437,20.125,19.812,20.125, 18.75,
2025-04-19 17:22:33.044572,21.437,  20.5,20.125,19.812,20.187, 18.75,
2025-04-19 17:23:38.132486,  21.5,  20.5,20.125,19.875,20.187,18.687,
2025-04-19 17:24:43.124500,  21.5,  20.5,20.187,19.812,20.187, 18.75,
2025-04-19 17:25:48.116541,  21.5,  20.5,20.125,19.875,20.187, 18.75,
2025-04-19 17:26:53.172517,  21.5,  20.5,20.187,19.812,20.187, 18.75,
2025-04-19 17:27:58.164541,  21.5,  20.5,20.187,19.875,20.187, 18.75,
2025-04-19 17:29:03.220522,  21.5,20.562,20.187,19.875, 20.25,18.812,
2025-04-19 17:30:08.212510,  21.5,20.562,20.187,19.875, 20.25,18.812,
2025-04-19 17:31:13.268500,21.562,20.562,20.187,19.875,20.187, 18.75,
2025-04-19 17:32:18.260539,  21.5,20.562,20.187,19.875,20.187, 18.75,
2025-04-19 17:33:23.316476,  21.5,20.562,20.187,19.875,20.187, 18.75,
2025-04-19 17:34:28.308544,  21.5,20.562,20.187,19.875, 20.25, 18.75,
2025-04-19 17:35:33.300537,  21.5,  20.5,20.187,19.875,20.187, 18.75,
2025-04-19 17:36:38.356528,  21.5,  20.5,20.187,19.875,20.187, 18.75,
2025-04-19 17:37:43.348521,  21.5,  20.5,20.125,19.875,20.187, 18.75,
2025-04-19 17:38:48.404558,  21.5,  20.5,20.187,19.875,20.187, 18.75,
2025-04-19 17:39:53.460526,  21.5,  20.5,20.187,19.875,20.187, 18.75,
2025-04-19 17:40:58.452528,  21.5,  20.5,20.125,19.812,20.125,18.687,
2025-04-19 17:42:03.508504,21.437,  20.5,20.187,19.812,20.125, 18.75,
2025-04-19 17:43:08.500515,  21.5,  20.5,20.125,19.812,20.125, 18.75,
2025-04-19 17:44:13.556543,21.437,20.437,20.125,19.812,20.125,18.687,
2025-04-19 17:45:18.548530,21.437,20.437,20.125,19.812,20.125,18.687,
2025-04-19 17:46:23.604551,21.437,20.437,20.187,19.812,20.125,18.687,
2025-04-19 17:47:28.660541,21.437,20.437,20.125,19.812,20.125,18.687,
2025-04-19 17:48:33.652488,21.437,20.437,20.125,19.812,20.125,18.687,
2025-04-19 17:49:38.644523,21.437,20.437,20.125,19.812,20.125,18.687,
2025-04-19 17:50:43.700497,21.437,20.437,20.125,19.812,20.125,18.687,
2025-04-19 17:51:48.692539,21.437,20.437,20.125,19.812,20.125,18.687,
2025-04-19 17:52:53.748524,21.437,  20.5,20.125,19.812,20.187,18.687,
2025-04-19 17:53:58.740547,21.437,  20.5,20.125,19.812,20.187,18.687,
2025-04-19 17:55:03.796517,  21.5,  20.5,20.187,19.812,20.187, 18.75,
2025-04-19 17:56:08.788499,21.437,  20.5,20.125,19.812,20.187,18.687,
2025-04-19 17:57:13.844497,21.437,20.437,20.125,19.812,20.125,18.687,
2025-04-19 17:58:18.836498,21.437,20.437,20.125,19.812, 20.25,18.687,
2025-04-19 17:59:23.892524,21.437,20.437,20.125,19.812,20.125,18.687,
2025-04-19 18:00:28.884557,21.437,20.437,20.125,19.812,20.125,18.625,
2025-04-19 18:01:33.876537,21.437,20.437,20.062, 19.75,20.062,18.625,
2025-04-19 18:02:38.964508,21.375,20.437,20.125, 19.75,20.125,18.625,
2025-04-19 18:03:43.956515,21.375,20.437,20.125, 19.75,20.062,18.625,
2025-04-19 18:04:48.952536,21.375,20.437,20.062,19.812,20.062,18.625,
2025-04-19 18:05:53.972514,  21.5,20.562,20.187,19.812,20.187,18.625,
2025-04-19 18:06:59.132876,21.562,20.562,20.187,19.875, 20.25,18.812,
2025-04-19 18:08:04.212550,21.562,20.562, 20.25,19.875, 20.25,18.812,
2025-04-19 18:09:09.344834,21.625,20.625, 20.25,19.937, 20.25,18.812,
2025-04-19 18:10:14.356568,21.687,20.625, 20.25,19.937, 20.25,18.875,
2025-04-19 18:11:19.380786,21.687,20.625, 20.25,19.937, 20.25,18.812,
2025-04-19 18:12:24.468564,21.687,20.625, 20.25,19.937, 20.25,18.875,
2025-04-19 18:13:29.460534,21.687,20.625, 20.25,  20.0, 20.25,18.875,
2025-04-19 18:14:34.548466,21.687,20.625, 20.25,19.937, 20.25,18.875,
2025-04-19 18:15:39.636494,21.687,20.625, 20.25,  20.0,20.312,18.875,
2025-04-19 18:16:44.660523,21.687,20.625,20.312,  20.0,20.312,18.875,
2025-04-19 18:17:49.620548,21.687,20.625,20.312,  20.0,20.312,18.875,
2025-04-19 18:18:54.548478,21.687,20.625, 20.25,  20.0, 20.25,18.812,
2025-04-19 18:19:59.604528,21.687,20.625, 20.25,  20.0, 20.25,18.875,
2025-04-19 18:21:04.660527,21.687,20.625, 20.25,  20.0, 20.25,18.812,
2025-04-19 18:22:09.716486,21.687,20.625,20.312,  20.0, 20.25,18.875,
2025-04-19 18:23:14.772561,21.687,20.625,20.312,20.062,20.312,18.875,
2025-04-19 18:24:19.700533,21.687,20.687,20.312,20.062,20.312,18.875,
2025-04-19 18:25:24.820652,21.687,20.687,20.312,20.062,20.312,18.875,
2025-04-19 18:26:29.868534,21.687,20.687,20.312,20.062,20.375,18.937,
2025-04-19 18:27:34.932531, 21.75, 20.75,20.375,20.125,20.375,18.937,
2025-04-19 18:28:39.892549, 21.75, 20.75,20.375,20.125,20.437,  19.0,
2025-04-19 18:29:44.948527, 21.75, 20.75,20.375,20.125,20.437,  19.0,
2025-04-19 18:30:50.068857, 21.75, 20.75,20.437,20.125,20.437,  19.0,
2025-04-19 18:31:54.996626, 21.75, 20.75,20.437,20.187,20.437,  19.0,
2025-04-19 18:33:00.020549, 21.75,20.812,20.375,20.187,20.437,  19.0,
2025-04-19 18:34:05.076543, 21.75,20.812,20.375,20.187,20.437,  19.0,
2025-04-19 18:35:10.100837, 21.75,20.812,20.375,20.187,20.437,  19.0,
2025-04-19 18:36:15.012538, 21.75,20.812,20.437, 20.25,20.437,19.062,
2025-04-19 18:37:20.020491,21.812,20.812,20.375,20.187,20.437,19.062,
2025-04-19 18:38:25.077140,21.812,20.812,20.437, 20.25,  20.5,19.062,
2025-04-19 18:39:30.036840,21.812,20.812,20.437,20.187,  20.5,19.062,
2025-04-19 18:40:35.121400,21.812,20.812,  20.5, 20.25,  20.5,19.062,
2025-04-19 18:41:40.148499,21.812,20.875,20.437, 20.25,  20.5,19.125,
2025-04-19 18:42:45.204539,21.812,20.875,  20.5, 20.25,20.562,19.125,
2025-04-19 18:43:50.260531,21.812,20.875,  20.5, 20.25,20.562,19.125,
2025-04-19 18:44:55.284586,21.812,20.875,  20.5,20.312,20.562,19.125,
2025-04-19 18:46:00.276568,21.875,20.812,20.562, 20.25,20.562,19.125,
2025-04-19 18:47:05.332511,21.812,20.875,  20.5, 20.25,20.562,19.062,
2025-04-19 18:48:10.452548,21.812,20.812,20.437, 20.25,20.562,19.062,
2025-04-19 18:49:15.572495,21.812,20.812,  20.5, 20.25,  20.5,19.062,
2025-04-19 18:50:20.628528,21.812,20.812,20.437,20.187,  20.5,  19.0,
2025-04-19 18:51:25.684523, 21.75, 20.75,20.437,20.187,  20.5,  19.0,
2025-04-19 18:52:30.740519, 21.75, 20.75,20.437,20.187,  20.5,  19.0,
2025-04-19 18:53:35.797125, 21.75, 20.75,20.437,20.187,20.437,  19.0,
2025-04-19 18:54:40.852534, 21.75, 20.75,20.437,20.125,20.437,  19.0,
2025-04-19 18:55:45.908511, 21.75, 20.75,20.437,20.125,20.437,  19.0,
2025-04-19 18:56:51.028511, 21.75,20.687,20.375,20.125,20.437,18.937,
2025-04-19 18:57:56.148527, 21.75,20.687,20.375,20.125,20.375,18.937,
2025-04-19 18:59:01.204503, 21.75,20.687,20.375,20.125,20.437,18.937,
2025-04-19 19:00:06.260502, 21.75,20.687,20.375,20.125,20.437,18.937,
2025-04-19 19:01:11.316496, 21.75,20.687,20.437,20.125,20.437,18.937,
2025-04-19 19:02:16.372502, 21.75, 20.75,20.437,20.125,  20.5,19.062,
2025-04-19 19:03:21.428529, 21.75,20.812,20.437,20.187,  20.5,19.062,
2025-04-19 19:04:26.540612,21.812,20.875,  20.5,20.187,  20.5,19.125,
2025-04-19 19:05:31.604536,21.812,20.875,  20.5,20.187,  20.5,19.062,
2025-04-19 19:06:36.744829,21.812,20.812,  20.5,20.187,  20.5,19.062,
2025-04-19 19:07:41.812565,21.812,20.812,  20.5,20.187,  20.5,19.062,
2025-04-19 19:08:46.836531,21.812,20.812,20.437,20.187,  20.5,19.062,
2025-04-19 19:09:51.892502,21.812,20.812,20.437,20.187,20.437,19.062,
2025-04-19 19:10:56.884548,21.812,20.812,20.437,20.187,  20.5,19.062,
2025-04-19 19:12:01.940528,21.812,20.812,  20.5,20.187,  20.5,19.125,
2025-04-19 19:13:06.964529,21.812,20.812,20.437, 20.25,  20.5,19.062,
2025-04-19 19:14:11.924514, 21.75,20.812,20.437, 20.25,  20.5,19.062,
2025-04-19 19:15:16.980509, 21.75, 20.75,20.437,20.187,20.437,  19.0,
2025-04-19 19:16:22.036542, 21.75, 20.75,20.375,20.187,20.375,18.937,
2025-04-19 19:17:27.092524, 21.75,20.687,20.375,20.187,20.375,  19.0,
2025-04-19 19:18:32.148530, 21.75,20.687,20.312,20.187,20.312,18.875,
2025-04-19 19:19:37.204505,21.687,20.687,20.312,20.125,20.312,18.875,
2025-04-19 19:20:42.260544,21.687,20.625, 20.25,20.125,20.312,18.875,
2025-04-19 19:21:47.316486,21.687,20.625,20.312,20.125, 20.25,18.875,
2025-04-19 19:22:52.372483,21.687,20.562, 20.25,20.062,20.312,18.812,
2025-04-19 19:23:57.428495,21.687,20.562, 20.25,20.062, 20.25,18.812,
2025-04-19 19:25:02.484495,21.687,20.562, 20.25,20.062, 20.25,18.812,
2025-04-19 19:26:07.540546,21.687,20.562, 20.25,20.062, 20.25,18.875,
2025-04-19 19:27:12.596538,21.687,20.625,20.312,20.062, 20.25,18.875,
2025-04-19 19:28:17.652525,21.687,20.625,20.312,20.062,20.312,18.875,
2025-04-19 19:29:22.708476,21.687,20.625,20.312,20.062,20.312,18.875,
2025-04-19 19:30:27.764517,21.687,20.625,20.312,20.062,20.312,18.875,
2025-04-19 19:31:32.820537,21.687,20.625,20.312,20.062,20.312,18.875,
2025-04-19 19:32:37.876526,21.687,20.625, 20.25,  20.0,20.312,18.812,
2025-04-19 19:33:42.932522,21.687,20.625, 20.25,  20.0,20.312,18.812,
2025-04-19 19:34:47.988548,21.687,20.625, 20.25,  20.0, 20.25,18.875,
2025-04-19 19:35:53.044532,21.687,20.562, 20.25,  20.0, 20.25,18.812,
2025-04-19 19:36:58.100509,21.687,20.562, 20.25,  20.0, 20.25,18.812,
2025-04-19 19:38:03.156590,21.687,20.625, 20.25,  20.0,20.312,18.875,
2025-04-19 19:39:08.212526,21.687,20.625,20.312,  20.0,20.312,18.875,
2025-04-19 19:40:13.268505,21.625,20.625, 20.25,  20.0,20.312,18.812,
2025-04-19 19:41:18.324514,21.625,20.625, 20.25,19.937,20.312,18.875,
2025-04-19 19:42:23.380473,21.625,20.562, 20.25,19.937, 20.25,18.812,
2025-04-19 19:43:28.436525,21.625,20.562, 20.25,19.937, 20.25,18.812,
2025-04-19 19:44:33.492524,21.625,20.625, 20.25,19.937,20.312,18.812,
2025-04-19 19:45:38.548524,21.625,20.562, 20.25,19.937, 20.25,18.812,
2025-04-19 19:46:43.604499,21.625,20.562, 20.25,19.937,20.312,18.812,
2025-04-19 19:47:48.660493,21.625,20.562, 20.25,19.937,20.312,18.812,
2025-04-19 19:48:53.716464,21.625,20.625, 20.25,19.937,20.312,18.812,
2025-04-19 19:49:58.772539,21.625,20.562, 20.25,19.937,20.312,18.812,
2025-04-19 19:51:03.828522,21.625,20.625, 20.25,19.937,20.312,18.812,
2025-04-19 19:52:08.884486,21.687,20.625,20.312,19.937,20.312,18.812,
2025-04-19 19:53:13.940490,21.625,20.625, 20.25,19.937,20.312,18.812,
2025-04-19 19:54:18.996535,21.687,20.625, 20.25,19.937,20.312,18.812,
2025-04-19 19:55:24.052536,21.625,20.625,20.312,19.937,20.312,18.812,
2025-04-19 19:56:29.108516,21.625,20.625,20.312,19.937,20.312,18.875,
2025-04-19 19:57:34.164499,21.687,20.625,20.312,19.937,20.312,18.875,
2025-04-19 19:58:39.220506,21.687,20.625,20.312,19.937,20.312,18.812,
2025-04-19 19:59:44.276485,21.687,20.625,20.312,19.937,20.312,18.812,
2025-04-19 20:00:49.332513,21.687,20.625,20.312,19.937,20.312,18.875,
2025-04-19 20:01:54.388515,21.625,20.625,20.312,19.937,20.312,18.812,
2025-04-19 20:02:59.444504,21.625,20.625,20.312,19.937,20.312,18.812,
2025-04-19 20:04:04.500495,21.625,20.625,20.312,19.937,20.312,18.812,
2025-04-19 20:05:09.556526,21.687,20.625,20.312,19.937,20.312,18.812,
2025-04-19 20:06:14.612503,21.625,20.625, 20.25,19.937,20.312,18.812,
2025-04-19 20:07:19.668668,21.625,20.562,20.312,19.937,20.312,18.812,
2025-04-19 20:08:24.724511,21.625,20.562, 20.25,19.937,20.312,18.812,
2025-04-19 20:09:29.748532,21.625,20.625, 20.25,19.875,20.312,18.812,
2025-04-19 20:10:34.772459,21.625,20.625, 20.25,19.875,20.312,18.812,
2025-04-19 20:11:39.892516,21.625,20.625, 20.25,19.937,20.312,18.812,
2025-04-19 20:12:45.012499,21.625,20.625, 20.25,19.875,20.312,18.812,
2025-04-19 20:13:50.132495,21.625,20.562, 20.25,19.937,20.312,18.812,
2025-04-19 20:14:55.188489,21.625,20.625, 20.25,19.875,20.312,18.812,
2025-04-19 20:16:00.244518,21.562,20.562, 20.25,19.937,20.312,18.812,
2025-04-19 20:17:05.300505,21.625,20.625, 20.25,19.875, 20.25,18.812,
2025-04-19 20:18:10.356539,21.625,20.625,20.312,19.937,20.375,18.812,
2025-04-19 20:19:15.412497,21.625,20.625,20.312,19.937,20.375,18.875,
2025-04-19 20:20:20.468512,21.687,20.687,20.375,  20.0,20.375,18.875,
2025-04-19 20:21:25.524521,21.625,20.625,20.312,19.937,20.312,18.812,
2025-04-19 20:22:30.580504,21.625,20.625,20.312,19.937,20.312,18.812,
2025-04-19 20:23:35.636521,21.562,20.625, 20.25,19.875, 20.25,18.812,
2025-04-19 20:24:40.692531,21.562,20.625, 20.25,19.875,20.312,18.812,
2025-04-19 20:25:45.748513,21.562,  20.5, 20.25,19.875, 20.25, 18.75,
2025-04-19 20:26:50.804483,  21.5,20.562,20.187,19.875, 20.25, 18.75,
2025-04-19 20:27:55.860468,21.562,20.562,20.187,19.812, 20.25, 18.75,
2025-04-19 20:29:00.916503,  21.5,20.562,20.187,19.875, 20.25, 18.75,
2025-04-19 20:30:05.972513,  21.5,  20.5,20.187,19.812, 20.25, 18.75,
2025-04-19 20:31:11.028534,  21.5,  20.5,20.187,19.875,20.187,18.687,
2025-04-19 20:32:16.084566,  21.5,  20.5,20.187,19.812,20.187,18.687,
2025-04-19 20:33:21.108540,  21.5,  20.5,20.187,19.812,20.187,18.687,
2025-04-19 20:34:26.100534,  21.5,  20.5,20.125,19.812,20.187,18.687,
2025-04-19 20:35:31.220498,21.437,20.437,20.125,19.812,20.125,18.687,
2025-04-19 20:36:36.276490,21.437,20.437,20.125,19.812,20.125,18.687,
2025-04-19 20:37:41.332520,21.437,  20.5,20.125,19.812,20.125,18.625,
2025-04-19 20:38:46.388490,21.375,20.437,20.062, 19.75,20.125,18.625,
2025-04-19 20:39:51.472454,21.375,20.437,20.062,19.812,20.062,18.625,
2025-04-19 20:40:56.532482,21.375,20.437,20.062, 19.75,20.062,18.625,
2025-04-19 20:42:01.588515,21.375,20.375,20.062, 19.75,20.062,18.625,
2025-04-19 20:43:06.708524,21.375,20.375,20.062, 19.75,20.062,18.562,
2025-04-19 20:44:11.764534,21.312,20.375,20.062, 19.75,20.062,  18.5,
2025-04-19 20:45:16.820498,21.312,20.312,  20.0, 19.75,  20.0,18.562,
2025-04-19 20:46:21.876537, 21.25,20.312,  20.0,19.687,19.937,  18.5,
2025-04-19 20:47:26.932527, 21.25, 20.25,19.937,19.687,19.937,18.437,
2025-04-19 20:48:31.988540, 21.25, 20.25,19.937,19.687,19.875,  18.5,
2025-04-19 20:49:37.044583, 21.25, 20.25,19.937,19.687,19.875,18.437,
2025-04-19 20:50:42.100527,21.187, 20.25,19.937,19.625,19.875,18.437,
2025-04-19 20:51:47.156530, 21.25, 20.25,19.937,19.687,19.875,18.437,
2025-04-19 20:52:52.212546,21.187,20.187,19.937,19.625,19.875,18.437,
2025-04-19 20:53:57.268479,21.187,20.125,19.875,19.625,19.875,18.375,
2025-04-19 20:55:02.324523,21.125,20.125,19.875,19.562,19.812,18.375,
2025-04-19 20:56:07.380561,21.125,20.187,19.875,19.625,19.812,18.375,
2025-04-19 20:57:12.436487,21.187,20.187,19.875,19.562,19.812,18.437,
2025-04-19 20:58:17.492521,21.187,20.187,19.875,19.625,19.875,18.437,
2025-04-19 20:59:22.548514,21.187, 20.25,19.875,19.625,19.875,18.437,
2025-04-19 21:00:27.604582,21.187,20.187,19.875,19.625,19.875,18.437,
2025-04-19 21:01:32.660497,21.187,20.187,19.875,19.562,19.875,18.375,
2025-04-19 21:02:37.716516,21.187,20.187,19.875,19.562,19.812,18.375,
2025-04-19 21:03:42.772530,21.125,20.187,19.875,19.562,19.812,18.375,
2025-04-19 21:04:47.828540,21.125,20.187,19.875,19.562,19.875,18.375,
2025-04-19 21:05:52.884549,21.125,20.187,19.812,19.562,19.875,18.437,
2025-04-19 21:06:57.940478,21.187, 20.25,19.875,19.562,19.875,18.437,
2025-04-19 21:08:02.996532,21.187, 20.25,19.875,19.562,19.875,18.437,
2025-04-19 21:09:08.052534,21.187, 20.25,19.875,19.625,19.875,18.437,
2025-04-19 21:10:13.108528,21.187, 20.25,19.875,19.562,19.875,18.437,
2025-04-19 21:11:18.164515,21.187, 20.25,19.875,19.625,19.875,18.437,
2025-04-19 21:12:23.220521,21.187, 20.25,19.875,19.625,19.937,18.437,
2025-04-19 21:13:28.276489,21.187, 20.25,19.875,19.625,19.937,18.437,
2025-04-19 21:14:33.332492,21.187, 20.25,19.875,19.562,19.937,  18.5,
2025-04-19 21:15:38.388500, 21.25, 20.25,19.937,19.625,19.937,  18.5,
2025-04-19 21:16:43.444518,21.187, 20.25,19.937,19.625,19.937,  18.5,
2025-04-19 21:17:48.500533,21.187, 20.25,19.937,19.625,19.937,  18.5,
2025-04-19 21:18:53.556518,21.187, 20.25,19.937,19.625,19.937,  18.5,
2025-04-19 21:19:58.612484,21.187, 20.25,19.937,19.625,19.937,  18.5,
2025-04-19 21:21:03.668505,21.187, 20.25,19.937,19.625,19.937,18.437,
2025-04-19 21:22:08.724629,21.187, 20.25,19.875,19.562,19.937,18.437,
2025-04-19 21:23:13.780536,21.125,20.187,19.875,19.562,19.875,18.437,
2025-04-19 21:24:18.836502,21.187,20.187,19.875,19.562,19.875,18.437,
2025-04-19 21:25:23.892500,21.125, 20.25,19.875,19.562,19.875,18.437,
2025-04-19 21:26:28.948531,21.125,20.187,19.812,19.562,19.812,18.375,
2025-04-19 21:27:34.004527,21.125,20.187,19.812,19.562,19.812,18.375,
2025-04-19 21:28:39.060465,21.125,20.187,19.812,19.562,19.875,18.437,
2025-04-19 21:29:44.116473,21.187, 20.25,19.875,19.562,19.875,18.437,
2025-04-19 21:30:49.172521,21.187, 20.25,19.875,19.562,19.937,18.437,
2025-04-19 21:31:54.228477,21.187, 20.25,19.937,19.562,19.937,18.437,
2025-04-19 21:32:59.293285,21.187, 20.25,19.875,19.562,19.875,18.437,
2025-04-19 21:34:04.372522,21.187, 20.25,19.875,19.562,19.937,18.437,
2025-04-19 21:35:09.428525,21.187, 20.25,19.875,19.562,19.937,18.437,
2025-04-19 21:36:14.484605,21.187, 20.25,19.875,19.562,19.937,18.437,
2025-04-19 21:37:19.540505,21.187, 20.25,19.875,19.625,19.937,18.437,
2025-04-19 21:38:24.596504,21.187, 20.25,19.937,19.562,19.937,  18.5,
2025-04-19 21:39:29.588528,21.187, 20.25,19.937,19.625,19.937,18.437,
2025-04-19 21:40:34.644512,21.187,20.312,19.937,19.562,19.937,  18.5,
2025-04-19 21:41:39.700531,21.187, 20.25,19.937,19.625,19.937,18.437,
2025-04-19 21:42:44.756526,21.187,20.312,19.937,19.625,19.937,  18.5,
2025-04-19 21:43:49.812517,21.187, 20.25,19.937,19.625,19.937,18.437,
2025-04-19 21:44:54.868534,21.187, 20.25,19.937,19.562,19.937,  18.5,
2025-04-19 21:45:59.924490, 21.25, 20.25,19.937,19.625,19.937,  18.5,
2025-04-19 21:47:04.980516,21.187, 20.25,19.937,19.562,19.937,  18.5,
2025-04-19 21:48:10.037129,21.187, 20.25,19.875,19.562,19.875,18.437,
2025-04-19 21:49:15.092482,21.187, 20.25,19.875,19.562,19.937,18.437,
2025-04-19 21:50:20.148494,21.187, 20.25,19.875,19.562,19.937,18.437,
2025-04-19 21:51:25.204534,21.187, 20.25,19.875,19.562,19.937,18.437,
2025-04-19 21:52:30.260565,21.187, 20.25,19.937,19.562,19.937,18.437,
2025-04-19 21:53:35.316529,21.187, 20.25,19.937,19.562,19.937,18.437,
2025-04-19 21:54:40.372523,21.187, 20.25,19.875,19.562,19.937,18.437,
2025-04-19 21:55:45.428554,21.187, 20.25,19.875,19.562,19.875,18.437,
2025-04-19 21:56:50.484526,21.187,20.187,19.875,19.562,19.875,18.437,
2025-04-19 21:57:55.540482,21.187, 20.25,19.875,19.562,19.875,18.437,
2025-04-19 21:59:00.596488,21.187, 20.25,19.875,19.562,19.875,18.437,
2025-04-19 22:00:05.652514,21.187, 20.25,19.875,19.562,19.937,18.437,
2025-04-19 22:01:10.708540,21.187, 20.25,19.937,19.562,19.937,18.437,
2025-04-19 22:02:15.764529,21.187, 20.25,19.875,19.562,19.937,  18.5,
2025-04-19 22:03:20.820551,21.187, 20.25,19.875,19.562,19.937,18.437,
2025-04-19 22:04:25.876480,21.187, 20.25,19.875,19.562,19.937,18.437,
2025-04-19 22:05:30.932511,21.187, 20.25,19.875,19.562,19.937,18.437,
2025-04-19 22:06:35.988591,21.187, 20.25,19.875,19.562,19.937,18.437,
2025-04-19 22:07:41.044589,21.187, 20.25,19.875,19.625,19.937,18.437,
2025-04-19 22:08:46.100535,21.187, 20.25,19.937,19.562,19.937,18.437,
2025-04-19 22:09:51.156488,21.187, 20.25,19.937,19.562,19.937,  18.5,
2025-04-19 22:10:56.212495,21.187, 20.25,19.937,19.562,19.937,18.437,
2025-04-19 22:12:01.268486,21.187,20.312,19.937,19.562,19.937,  18.5,
2025-04-19 22:13:06.324502,21.187, 20.25,19.875,19.562,19.937,18.437,
2025-04-19 22:14:11.380509,21.187, 20.25,19.937,19.625,19.937,18.437,
2025-04-19 22:15:16.436459,21.187, 20.25,19.937,19.562,19.937,  18.5,
2025-04-19 22:16:21.492518,21.187, 20.25,19.875,19.562,19.937,18.437,
2025-04-19 22:17:26.548505,21.187, 20.25,19.875,19.562,19.937,18.437,
2025-04-19 22:18:31.604498,21.187, 20.25,19.875,19.562,19.937,18.437,
2025-04-19 22:19:36.660493,21.187, 20.25,19.875,19.562,19.937,18.437,
2025-04-19 22:20:41.716513,21.187,20.187,19.875,19.625,19.937,18.437,
2025-04-19 22:21:46.772510,21.125, 20.25,19.875,19.562,19.937,18.437,
2025-04-19 22:22:51.828530,21.187, 20.25,19.875,19.562,19.937,18.437,
2025-04-19 22:23:56.884468,21.187, 20.25,19.937,19.562,19.937,18.437,
2025-04-19 22:25:01.940531,21.187, 20.25,19.937,19.562,19.937,18.437,
2025-04-19 22:26:06.996509,21.187, 20.25,19.875,19.562,19.937,18.437,
2025-04-19 22:27:12.052506,21.187, 20.25,19.875,19.562,19.937,18.437,
2025-04-19 22:28:17.108527,21.187, 20.25,19.875,19.562,19.937,18.437,
2025-04-19 22:29:22.164515,21.187, 20.25,19.875,19.625,19.937,18.437,
2025-04-19 22:30:27.220490,21.187,20.312,19.937,19.562,19.937,  18.5,
2025-04-19 22:31:32.276520,21.187,20.312,19.937,19.625,19.937,  18.5,
2025-04-19 22:32:37.332509,21.187,20.312,19.937,19.625,19.937,  18.5,
2025-04-19 22:33:42.388578,21.187, 20.25,19.937,19.625,19.937,18.437,
2025-04-19 22:34:47.444534,21.187,20.312,19.937,19.562,19.937,  18.5,
2025-04-19 22:35:52.500527,21.187,20.312,19.937,19.625,19.937,  18.5,
2025-04-19 22:36:57.556467,21.187, 20.25,19.937,19.562,19.937,  18.5,
2025-04-19 22:38:02.612503,21.187, 20.25,19.937,19.562,19.937,18.437,
2025-04-19 22:39:07.668534,21.187, 20.25,19.875,19.562,19.937,18.437,
2025-04-19 22:40:12.724497,21.187, 20.25,19.875,19.562,19.937,18.437,
2025-04-19 22:41:17.844544,21.187, 20.25,19.875,19.562,19.937,18.437,
2025-04-19 22:42:22.964526,21.187, 20.25,19.875,19.562,19.937,18.437,
2025-04-19 22:43:28.020484,21.125, 20.25,19.875,19.562,19.937,18.437,
2025-04-19 22:44:33.076503,21.125, 20.25,19.875,19.562,19.937,18.437,
2025-04-19 22:45:38.132499,21.125, 20.25,19.875,19.562,19.937,18.437,
2025-04-19 22:46:43.188525,21.125, 20.25,19.875,19.562,19.937,18.437,
2025-04-19 22:47:48.244556,21.125, 20.25,19.875,19.562,19.875,18.437,
2025-04-19 22:48:53.300556,21.125, 20.25,19.875,19.562,19.937,18.437,
2025-04-19 22:49:58.356577,21.187, 20.25,19.875,19.562,19.937,18.437,
2025-04-19 22:51:03.412617,21.125, 20.25,19.875,19.562,19.937,18.437,
2025-04-19 22:52:08.468508,21.187, 20.25,19.937,19.562,19.937,18.437,
2025-04-19 22:53:13.524524,21.125, 20.25,19.937,19.562,19.937,18.437,
2025-04-19 22:54:18.580516,21.187, 20.25,19.875,19.562,19.937,18.437,
2025-04-19 22:55:23.636539,21.187, 20.25,19.875,19.562,19.937,18.437,
2025-04-19 22:56:28.692590,21.125, 20.25,19.875,19.562,19.875,18.437,
2025-04-19 22:57:33.748490,21.125, 20.25,19.875,19.562,19.875,18.437,
2025-04-19 22:58:38.804534,21.125, 20.25,19.875,19.562,19.937,18.437,
2025-04-19 22:59:43.860468,21.125, 20.25,19.875,19.562,19.937,18.437,
2025-04-19 23:00:48.916510,21.187, 20.25,19.875,19.562,19.937,18.437,
2025-04-19 23:01:54.004512,21.187, 20.25,19.937,19.562,19.937,  18.5,
2025-04-19 23:02:59.060497,21.187, 20.25,19.875,19.625,19.937,18.437,
2025-04-19 23:04:04.116516,21.187,20.312,19.937,19.562,19.937,  18.5,
2025-04-19 23:05:09.172536,21.187, 20.25,19.937,19.562,19.937,18.437,
2025-04-19 23:06:14.228501,21.187, 20.25,19.937,19.562,19.937,18.437,
2025-04-19 23:07:19.252518,21.125, 20.25,19.937,19.562,19.937,18.437,
2025-04-19 23:08:24.308502,21.125, 20.25,19.937,19.562,19.937,18.437,
2025-04-19 23:09:29.364509,21.125, 20.25,19.875,19.562,19.875,18.437,
2025-04-19 23:10:34.420530,21.125, 20.25,19.875,19.562,19.937,18.437,
2025-04-19 23:11:39.476571,21.125, 20.25,19.875,19.562,19.937,18.437,
2025-04-19 23:12:44.532511,21.125, 20.25,19.875,19.562,19.937,18.437,
2025-04-19 23:13:49.588522,21.187, 20.25,19.875,19.562,19.937,18.437,
2025-04-19 23:14:54.644538,21.125, 20.25,19.875,19.562,19.937,18.437,
2025-04-19 23:15:59.732495,21.187, 20.25,19.875,19.562,19.937,18.437,
2025-04-19 23:17:04.788534,21.187, 20.25,19.875,19.562,19.937,18.437,
2025-04-19 23:18:09.844513,21.125, 20.25,19.875,19.562,19.937,18.437,
2025-04-19 23:19:14.900517,21.125, 20.25,19.875,19.562,19.875,18.437,
2025-04-19 23:20:19.956525,21.125, 20.25,19.875,19.562,19.937,18.437,
2025-04-19 23:21:25.012514,21.125, 20.25,19.875,19.562,19.937,18.437,
2025-04-19 23:22:30.068550,21.125, 20.25,19.875,19.562,19.875,18.437,
2025-04-19 23:23:35.124519,21.125, 20.25,19.875,19.562,19.875,18.437,
2025-04-19 23:24:40.180528,21.125, 20.25,19.875,  19.5,19.875,18.437,
2025-04-19 23:25:45.236517,21.125,20.187,19.875,19.562,19.875,18.437,
2025-04-19 23:26:50.292519,21.125,20.187,19.875,19.562,19.875,18.437,
2025-04-19 23:27:55.348518,21.125, 20.25,19.875,19.562,19.875,18.375,
2025-04-19 23:29:00.404522,21.125, 20.25,19.875,19.562,19.937,18.437,
2025-04-19 23:30:05.460532,21.125,20.187,19.875,19.562,19.875,18.437,
2025-04-19 23:31:10.516531,21.125,20.187,19.875,  19.5,19.875,18.437,
2025-04-19 23:32:15.572464,21.125, 20.25,19.875,19.562,19.875,18.437,
2025-04-19 23:33:20.628534,21.125, 20.25,19.875,19.562,19.875,18.375,
2025-04-19 23:34:25.684523,21.125, 20.25,19.875,  19.5,19.875,18.437,
2025-04-19 23:35:30.740539,21.125, 20.25,19.875,19.562,19.875,18.437,
2025-04-19 23:36:35.796518,21.125, 20.25,19.875,19.562,19.875,18.375,
2025-04-19 23:37:40.852530,21.125,20.187,19.875,19.562,19.937,18.437,
2025-04-19 23:38:45.908492,21.125, 20.25,19.875,19.562,19.875,18.437,
2025-04-19 23:39:50.964511,21.125, 20.25,19.875,19.562,19.875,18.437,
2025-04-19 23:40:56.020496,21.125, 20.25,19.875,  19.5,19.875,18.437,
2025-04-19 23:42:01.076475,21.125,20.187,19.812,19.562,19.875,18.437,
2025-04-19 23:43:06.132496,21.125,20.187,19.875,  19.5,19.875,18.375,
2025-04-19 23:44:11.188515,21.125, 20.25,19.875,19.562,19.875,18.437,
2025-04-19 23:45:16.248495,21.125,20.187,19.875,  19.5,19.875,18.375,
2025-04-19 23:46:21.332529,21.125,20.187,19.875,  19.5,19.875,18.437,
2025-04-19 23:47:26.388543,21.125,20.187,19.875,  19.5,19.875,18.437,
2025-04-19 23:48:31.444523,21.125,20.187,19.875,19.562,19.875,18.437,
2025-04-19 23:49:36.500488,21.125, 20.25,19.875,19.562,19.875,18.437,
2025-04-19 23:50:41.556556,21.125, 20.25,19.875,  19.5,19.875,18.437,
2025-04-19 23:51:46.612494,21.125,20.187,19.875,  19.5,19.875,18.375,
2025-04-19 23:52:51.668515,21.125, 20.25,19.875,  19.5,19.875,18.437,
2025-04-19 23:53:56.724530,21.125,20.187,19.875,  19.5,19.875,18.437,
2025-04-19 23:55:01.780440,21.125,20.187,19.875,  19.5,19.875,18.375,
2025-04-19 23:56:06.836527,21.125,20.187,19.812,  19.5,19.875,18.375,
2025-04-19 23:57:11.892533,21.125,20.187,19.875,  19.5,19.875,18.437,
2025-04-19 23:58:16.948511,21.125,20.187,19.875,  19.5,19.875,18.437,
2025-04-19 23:59:22.004521,21.125,20.187,19.875,  19.5,19.875,18.375,
2025-04-20 00:00:27.060520,21.125,20.187,19.812,  19.5,19.875,18.375,
2025-04-20 00:01:32.116521,21.125,20.187,19.875,  19.5,19.875,18.375,
2025-04-20 00:02:37.172516,21.125, 20.25,19.875,19.562,19.875,18.437,
2025-04-20 00:03:42.260537,21.125, 20.25,19.937,  19.5,19.875,18.437,
2025-04-20 00:04:47.380539,21.125,20.187,19.875,  19.5,19.875,18.437,
2025-04-20 00:05:52.500532,21.125, 20.25,19.937,  19.5,19.937,18.437,
2025-04-20 00:06:57.556531,21.125,20.187,19.937,  19.5,19.875,18.437,
2025-04-20 00:08:02.612525,21.125, 20.25,19.937,19.562,19.937,18.437,
2025-04-20 00:09:07.668524,21.125, 20.25,19.937,19.562,19.937,18.437,
2025-04-20 00:10:12.724509,21.125, 20.25,19.937,19.562,19.937,18.437,
2025-04-20 00:11:17.780532,21.125, 20.25,19.937,19.562,19.937,18.437,
2025-04-20 00:12:22.836521,21.125,20.187,19.937,19.562,19.875,18.437,
2025-04-20 00:13:27.892488,21.125, 20.25,19.937,  19.5,19.937,18.437,
2025-04-20 00:14:32.948542,21.125, 20.25,19.937,19.562,19.875,18.437,
2025-04-20 00:15:38.004520,21.125, 20.25,19.937,19.562,19.875,18.437,
2025-04-20 00:16:43.060549,21.125, 20.25,19.937,19.562,19.937,18.437,
2025-04-20 00:17:48.116519,21.125,20.187,19.875,19.562,19.875,18.375,
2025-04-20 00:18:53.172539,21.125, 20.25,19.937,  19.5,19.875,18.437,
2025-04-20 00:19:58.228495,21.125,20.187,19.937,19.562,19.875,18.437,
2025-04-20 00:21:03.284531,21.125, 20.25,19.937,19.562,19.937,18.437,
2025-04-20 00:22:08.340533,21.125, 20.25,19.937,19.562,19.937,18.437,
2025-04-20 00:23:13.396514,21.125, 20.25,19.937,19.562,19.937,18.437,
2025-04-20 00:24:18.456508,21.125, 20.25,19.937,19.562,19.937,18.437,
2025-04-20 00:25:23.540537,21.187, 20.25,19.937,19.562,19.937,18.437,
2025-04-20 00:26:28.596509,21.125, 20.25,19.937,19.562,19.937,18.437,
2025-04-20 00:27:33.652527,21.125, 20.25,19.937,19.562,19.937,18.437,
2025-04-20 00:28:38.708517,21.187, 20.25,19.937,19.562,19.937,18.437,
2025-04-20 00:29:43.764497,21.187, 20.25,19.937,19.562,19.937,18.437,
2025-04-20 00:30:48.820518,21.125, 20.25,19.937,19.562,19.937,18.437,
2025-04-20 00:31:53.876735,21.187,20.312,19.937,19.562,19.937,18.437,
2025-04-20 00:32:58.932528,21.187,20.312,  20.0,19.562,19.937,18.437,
2025-04-20 00:34:03.988522,21.187,20.312,19.937,19.562,19.937,  18.5,
2025-04-20 00:35:09.044502,21.187, 20.25,  20.0,19.562,19.937,18.437,
2025-04-20 00:36:14.100520,21.187, 20.25,19.937,19.562,19.937,18.437,
2025-04-20 00:37:19.156523,21.187, 20.25,  20.0,19.562,19.937,  18.5,
2025-04-20 00:38:24.218948,21.187,20.312,19.937,19.625,19.937,  18.5,
2025-04-20 00:39:29.300500,21.187,20.375,  20.0,19.625,  20.0,18.562,
2025-04-20 00:40:34.356519,21.187,20.375,19.937,19.625,  20.0,  18.5,
2025-04-20 00:41:39.412489, 21.25,20.375,  20.0,19.625,  20.0,18.562,
2025-04-20 00:42:44.468515,21.187,20.312,19.937,19.625,  20.0,  18.5,
2025-04-20 00:43:49.524502,21.187,20.312,19.937,19.625,  20.0,  18.5,
2025-04-20 00:44:54.580539,21.187,20.312,19.937,19.625,  20.0,  18.5,
2025-04-20 00:45:59.636533, 21.25,20.312,19.937,19.625,  20.0,  18.5,
2025-04-20 00:47:04.692526, 21.25,20.312,19.937,19.625,  20.0,  18.5,
2025-04-20 00:48:09.748553,21.187,20.375,  20.0,19.625,  20.0,18.562,
2025-04-20 00:49:14.804508, 21.25,20.312,19.937,19.625,  20.0,  18.5,
2025-04-20 00:50:19.860516, 21.25,20.312,  20.0,19.625,  20.0,  18.5,
2025-04-20 00:51:24.916513,21.187,20.312,19.937,19.625,  20.0,  18.5,
2025-04-20 00:52:29.972503,21.187,20.312,19.937,19.625,19.937,  18.5,
2025-04-20 00:53:35.028533,21.187, 20.25,19.875,19.625,19.937,18.437,
2025-04-20 00:54:40.084539,21.187, 20.25,19.937,19.562,19.937,  18.5,
2025-04-20 00:55:45.140524,21.187, 20.25,19.875,19.625,19.937,18.437,
2025-04-20 00:56:50.228472,21.187, 20.25,19.937,19.625,19.937,18.437,
2025-04-20 00:57:55.284526,21.187, 20.25,19.875,19.562,19.937,18.437,
2025-04-20 00:59:00.340512,21.187, 20.25,19.937,19.562,19.937,  18.5,
2025-04-20 01:00:05.396570,21.187, 20.25,19.875,19.562,19.937,18.437,
2025-04-20 01:01:10.452612,21.187, 20.25,19.875,19.562,19.937,18.437,
2025-04-20 01:02:15.508508,21.187, 20.25,19.875,19.562,19.937,18.437,
2025-04-20 01:03:20.564547,21.125, 20.25,19.875,19.562,19.937,18.437,
2025-04-20 01:04:25.620532,21.187, 20.25,19.937,19.562,19.937,  18.5,
2025-04-20 01:05:30.676539,21.187,20.312,19.937,19.625,19.937,  18.5,
2025-04-20 01:06:35.732529,21.187,20.312,19.937,19.625,19.937,  18.5,
2025-04-20 01:07:40.788572,21.187,20.312,19.937,19.625,19.937,  18.5,
2025-04-20 01:08:45.844516,21.187, 20.25,19.937,19.625,19.937,18.437,
2025-04-20 01:09:50.900536,21.187, 20.25,19.937,19.562,19.937,18.437,
2025-04-20 01:10:55.956474,21.187, 20.25,19.875,19.562,19.937,18.437,
2025-04-20 01:12:01.016497,21.187, 20.25,19.937,19.625,19.937,  18.5,
2025-04-20 01:13:06.100551,21.187, 20.25,19.875,19.562,19.937,18.437,
2025-04-20 01:14:11.156544,21.187, 20.25,19.875,19.625,19.937,18.437,
2025-04-20 01:15:16.212499,21.187, 20.25,19.937,19.562,19.937,18.437,
2025-04-20 01:16:21.268499,21.187, 20.25,19.875,19.562,19.937,18.437,
2025-04-20 01:17:26.324485,21.187, 20.25,19.875,19.562,19.875,18.437,
2025-04-20 01:18:31.380520,21.125, 20.25,19.875,19.562,19.875,18.437,
2025-04-20 01:19:36.404517,21.125, 20.25,19.875,19.562,19.937,18.437,
2025-04-20 01:20:41.461500,21.187,20.187,19.875,19.562,19.875,18.375,
2025-04-20 01:21:46.516533,21.125,20.187,19.875,19.562,19.937,18.437,
2025-04-20 01:22:51.572505,21.187, 20.25,19.875,19.562,19.875,18.437,
2025-04-20 01:23:56.628489,21.187, 20.25,19.875,19.562,19.875,18.437,
2025-04-20 01:25:01.684452,21.125,20.187,19.875,19.562,19.875,18.437,
2025-04-20 01:26:06.740540,21.125,20.187,19.875,19.562,19.875,18.437,
2025-04-20 01:27:11.796510,21.125,20.187,19.875,19.562,19.875,18.437,
2025-04-20 01:28:16.852511,21.125,20.187,19.875,19.562,19.875,18.437,
2025-04-20 01:29:21.908522,21.187,20.187,19.875,19.562,19.875,18.437,
2025-04-20 01:30:26.964601,21.125,20.187,19.875,19.562,19.875,18.437,
2025-04-20 01:31:32.020517,21.187, 20.25,19.875,19.562,19.937,18.437,
2025-04-20 01:32:37.076531,21.125, 20.25,19.875,19.562,19.875,18.437,
2025-04-20 01:33:42.132516,21.125, 20.25,19.875,19.562,19.937,18.437,
2025-04-20 01:34:47.188505,21.125,20.187,19.875,19.562,19.875,18.437,
2025-04-20 01:35:52.244525,21.125,20.187,19.875,19.562,19.875,18.437,
2025-04-20 01:36:57.300520,21.125, 20.25,19.875,19.562,19.875,18.437,
2025-04-20 01:38:02.356465,21.125,20.187,19.875,19.562,19.875,18.437,
2025-04-20 01:39:07.412502,21.125,20.187,19.875,19.562,19.875,18.437,
2025-04-20 01:40:12.468488,21.125,20.187,19.812,19.562,19.875,18.437,
2025-04-20 01:41:17.524527,21.125,20.187,19.812,19.562,19.875,18.375,
2025-04-20 01:42:22.580522,21.125,20.187,19.875,  19.5,19.875,18.437,
2025-04-20 01:43:27.636511,21.125,20.187,19.875,19.562,19.875,18.437,
2025-04-20 01:44:32.692509,21.125,20.187,19.875,19.562,19.875,18.437,
2025-04-20 01:45:37.748515,21.125, 20.25,19.875,19.562,19.875,18.437,
2025-04-20 01:46:42.804529,21.125, 20.25,19.875,19.562,19.875,18.437,
2025-04-20 01:47:47.860527,21.125,20.187,19.875,19.562,19.875,18.437,
2025-04-20 01:48:52.916528,21.125,20.187,19.812,19.562,19.875,18.437,
2025-04-20 01:49:57.972489,21.125,20.187,19.875,19.562,19.875,18.437,
2025-04-20 01:51:03.028521,21.125,20.187,19.812,  19.5,19.875,18.375,
2025-04-20 01:52:08.084493,21.125,20.187,19.812,19.562,19.812,18.375,
2025-04-20 01:53:13.140517,21.125,20.187,19.812,  19.5,19.875,18.375,
2025-04-20 01:54:18.196512,21.125,20.187,19.812,  19.5,19.875,18.375,
2025-04-20 01:55:23.252530,21.125,20.187,19.812,19.562,19.875,18.375,
2025-04-20 01:56:28.308510,21.125,20.187,19.812,19.562,19.875,18.375,
2025-04-20 01:57:33.364524,21.125,20.187,19.812,  19.5,19.875,18.375,
2025-04-20 01:58:38.420498,21.125,20.187,19.812,  19.5,19.812,18.375,
2025-04-20 01:59:43.476790,21.125,20.187,19.812,  19.5,19.875,18.375,
2025-04-20 02:00:48.532520,21.125,20.187,19.812,  19.5,19.812,18.375,
2025-04-20 02:01:53.588510,21.125,20.187,19.812,  19.5,19.875,18.375,
2025-04-20 02:02:58.644474,21.125,20.187,19.812,  19.5,19.812,18.375,
2025-04-20 02:04:03.700531,21.062,20.125,19.812,  19.5,19.812,18.375,
2025-04-20 02:05:08.756529,21.062,20.187,19.812,  19.5,19.812,18.375,
2025-04-20 02:06:13.812538,21.062,20.125,19.812,  19.5,19.812,18.375,
2025-04-20 02:07:18.868496,21.062,20.187,19.812,  19.5,19.812,18.375,
2025-04-20 02:08:23.924529,21.062,20.125,19.812,  19.5,19.812,18.312,
2025-04-20 02:09:28.980515,21.062,20.125,19.812,19.437,19.812,18.375,
2025-04-20 02:10:34.036609,21.062,20.125,19.812,  19.5,19.812,18.312,
2025-04-20 02:11:39.092530,21.062,20.125,19.812,19.437,19.812,18.312,
2025-04-20 02:12:44.148499,21.062,20.125,19.812,  19.5,19.812,18.312,
2025-04-20 02:13:49.204530,21.062,20.125, 19.75,  19.5,19.812,18.375,
2025-04-20 02:14:54.260527,21.062,20.125,19.812,  19.5,19.812,18.375,
2025-04-20 02:15:59.316468,21.062,20.125,19.812,  19.5,19.812,18.312,
2025-04-20 02:17:04.372529,21.062,20.125,19.812,  19.5,19.812,18.375,
2025-04-20 02:18:09.428542,21.062,20.125,19.812,19.437,19.812,18.312,
2025-04-20 02:19:14.484544,21.062,20.125,19.812,  19.5,19.812,18.375,
2025-04-20 02:20:19.541142,21.062,20.125,19.812,19.437,19.812,18.312,
2025-04-20 02:21:24.596540,21.062,20.125,19.812,  19.5,19.812,18.375,
2025-04-20 02:22:29.652532,21.062,20.187,19.812,  19.5,19.812,18.375,
2025-04-20 02:23:34.708527,21.062,20.187,19.812,  19.5,19.812,18.312,
2025-04-20 02:24:39.764548,21.062,20.187,19.812,19.437,19.812,18.375,
2025-04-20 02:25:44.820531,21.062,20.187,19.812,  19.5,19.812,18.375,
2025-04-20 02:26:49.876538,21.125,20.187,19.812,19.437,19.875,18.375,
2025-04-20 02:27:54.932553,21.062,20.187,19.812,  19.5,19.875,18.375,
2025-04-20 02:28:59.988507,21.125,20.187,19.812,  19.5,19.875,18.375,
2025-04-20 02:30:05.044576,21.125,20.187,19.812,  19.5,19.875,18.375,
2025-04-20 02:31:10.101116,21.125,20.187,19.812,  19.5,19.875,18.375,
2025-04-20 02:32:15.124520,21.125,20.187,19.812,  19.5,19.875,18.375,
2025-04-20 02:33:20.244590,21.125,20.187,19.812,  19.5,19.875,18.375,
2025-04-20 02:34:25.300552,21.125,20.187,19.812,  19.5,19.875,18.375,
2025-04-20 02:35:30.356525,21.125,20.187,19.812,  19.5,19.875,18.375,
2025-04-20 02:36:35.412513,21.125,20.187,19.812,  19.5,19.875,18.375,
2025-04-20 02:37:40.468490,21.125,20.187,19.812,  19.5,19.875,18.375,
2025-04-20 02:38:45.524515,21.125,20.187,19.812,  19.5,19.875,18.375,
2025-04-20 02:39:50.580562,21.062,20.187,19.812,  19.5,19.875,18.375,
2025-04-20 02:40:55.636527,21.125,20.187,19.812,  19.5,19.875,18.375,
2025-04-20 02:42:00.692485,21.125,20.187,19.812,  19.5,19.812,18.375,
2025-04-20 02:43:05.748536,21.062,20.187,19.812,  19.5,19.875,18.375,
2025-04-20 02:44:10.804487,21.062,20.187,19.812,  19.5,19.812,18.375,
2025-04-20 02:45:15.860515,21.062,20.187,19.812,  19.5,19.812,18.312,
2025-04-20 02:46:20.916533,21.062,20.125,19.812,  19.5,19.875,18.312,
2025-04-20 02:47:25.972508,21.062,20.125,19.812,  19.5,19.812,18.312,
2025-04-20 02:48:31.028508,21.062,20.125,19.812,19.437,19.812,18.312,
2025-04-20 02:49:36.084494,21.062,20.125,19.812,  19.5,19.812,18.375,
2025-04-20 02:50:41.140499,21.062,20.125,19.812,19.437, 19.75,18.312,
2025-04-20 02:51:46.196546,21.062,20.125, 19.75,  19.5,19.812,18.312,
2025-04-20 02:52:51.252498,21.062,20.125, 19.75,19.437,19.812,18.312,
2025-04-20 02:53:56.308491,21.062,20.125, 19.75,19.437,19.812,18.312,
2025-04-20 02:55:01.364464,21.062,20.125, 19.75,19.437, 19.75,18.312,
2025-04-20 02:56:06.420531,21.062,20.125, 19.75,19.437,19.812,18.312,
2025-04-20 02:57:11.476511,21.062,20.125, 19.75,19.437,19.812,18.312,
2025-04-20 02:58:16.532484,21.062,20.125,19.812,19.437,19.812,18.312,
2025-04-20 02:59:21.588532,21.062,20.125, 19.75,19.437,19.812,18.312,
2025-04-20 03:00:26.644536,21.062,20.125,19.812,19.437,19.812,18.312,
2025-04-20 03:01:31.700526,21.062,20.125, 19.75,19.437,19.812,18.312,
2025-04-20 03:02:36.756529,21.062,20.125, 19.75,  19.5,19.812,18.312,
2025-04-20 03:03:41.812536,21.062,20.125, 19.75,19.437,19.812,18.312,
2025-04-20 03:04:46.868535,21.062,20.125, 19.75,19.437,19.812,18.312,
2025-04-20 03:05:51.924527,21.062,20.125, 19.75,19.437, 19.75,18.312,
2025-04-20 03:06:56.980493,21.062,20.125, 19.75,19.437,19.812,18.312,
2025-04-20 03:08:02.036480,21.062,20.125, 19.75,19.437,19.812,18.312,
2025-04-20 03:09:07.092462,21.062,20.125, 19.75,19.437, 19.75,18.312,
2025-04-20 03:10:12.148504,21.062,20.062, 19.75,19.437, 19.75,18.312,
2025-04-20 03:11:17.204497,21.062,20.125, 19.75,19.437, 19.75,18.312,
2025-04-20 03:12:22.261104,21.062,20.125, 19.75,19.437, 19.75,18.312,
2025-04-20 03:13:27.316542,21.062,20.125, 19.75,19.437,19.812,18.312,
2025-04-20 03:14:32.372520,21.062,20.062, 19.75,19.437, 19.75,18.312,
2025-04-20 03:15:37.428484,21.062,20.125, 19.75,19.437, 19.75,18.312,
2025-04-20 03:16:42.484474,21.062,20.125, 19.75,19.437, 19.75,18.312,
2025-04-20 03:17:47.540481,21.062,20.125, 19.75,19.437,19.812,18.312,
2025-04-20 03:18:52.596477,21.062,20.125, 19.75,19.437,19.812,18.312,
2025-04-20 03:19:57.652499,21.062,20.125, 19.75,19.437,19.812,18.312,
2025-04-20 03:21:02.708498,  21.0,20.125, 19.75,19.437, 19.75,18.312,
2025-04-20 03:22:07.764567,21.062,20.125, 19.75,19.437, 19.75,18.312,
2025-04-20 03:23:12.820523,  21.0,20.125, 19.75,19.437,19.812,18.312,
2025-04-20 03:24:17.876551,  21.0,20.062, 19.75,19.437, 19.75,18.312,
2025-04-20 03:25:22.932509,  21.0,20.062, 19.75,19.437, 19.75, 18.25,
2025-04-20 03:26:27.988490,  21.0,20.062,19.687,19.375,19.687, 18.25,
2025-04-20 03:27:33.044871,  21.0,20.062,19.687,19.375, 19.75, 18.25,
2025-04-20 03:28:38.128556,  21.0,20.062, 19.75,19.437, 19.75, 18.25,
2025-04-20 03:29:43.188598,  21.0,20.125, 19.75,19.437, 19.75, 18.25,
2025-04-20 03:30:48.244555,  21.0,20.125, 19.75,19.437, 19.75,18.312,
2025-04-20 03:31:53.301106,  21.0,20.062, 19.75,19.437, 19.75,18.312,
2025-04-20 03:32:58.356493,  21.0,20.125, 19.75,19.437, 19.75,18.312,
2025-04-20 03:34:03.412472,  21.0,20.125, 19.75,19.437, 19.75, 18.25,
2025-04-20 03:35:08.468469,  21.0,20.125, 19.75,19.437, 19.75,18.312,
2025-04-20 03:36:13.524506,21.062,20.125, 19.75,19.437,19.812,18.312,
2025-04-20 03:37:18.580489,  21.0,20.062, 19.75,19.437, 19.75, 18.25,
2025-04-20 03:38:23.636534,  21.0,20.062, 19.75,19.437, 19.75,18.312,
2025-04-20 03:39:28.692518,  21.0,20.125, 19.75,19.437, 19.75,18.312,
2025-04-20 03:40:33.748525,  21.0,20.125, 19.75,19.437, 19.75,18.312,
2025-04-20 03:41:38.804507,  21.0,20.125, 19.75,19.437, 19.75,18.312,
2025-04-20 03:42:43.860517,  21.0,20.125, 19.75,19.437, 19.75,18.312,
2025-04-20 03:43:48.916504,  21.0,20.125, 19.75,19.437, 19.75,18.312,
2025-04-20 03:44:53.972495,  21.0,20.062, 19.75,19.437, 19.75,18.312,
2025-04-20 03:45:59.028521,21.062,20.125, 19.75,19.437, 19.75,18.312,
2025-04-20 03:47:04.084466,  21.0,20.062, 19.75,19.437, 19.75, 18.25,
2025-04-20 03:48:09.141040,  21.0,20.062, 19.75,19.437, 19.75,18.312,
2025-04-20 03:49:14.196516,  21.0,20.062, 19.75,19.437, 19.75, 18.25,
2025-04-20 03:50:19.252523,  21.0,20.062, 19.75,19.437, 19.75,18.312,
2025-04-20 03:51:24.308507,  21.0,20.062, 19.75,19.437, 19.75,18.312,
2025-04-20 03:52:29.364526,21.062,20.062, 19.75,19.437, 19.75,18.312,
2025-04-20 03:53:34.420504,21.062,20.062, 19.75,19.437, 19.75,18.312,
2025-04-20 03:54:39.476509,  21.0,20.062, 19.75,19.437, 19.75,18.312,
2025-04-20 03:55:44.532516,21.062,20.125, 19.75,19.437, 19.75,18.312,
2025-04-20 03:56:49.588468,  21.0,20.125, 19.75,19.437, 19.75,18.312,
2025-04-20 03:57:54.612720,  21.0,20.062, 19.75,19.437, 19.75,18.312,
2025-04-20 03:58:59.668476,  21.0,20.125, 19.75,19.437, 19.75,18.312,
2025-04-20 04:00:04.724532,  21.0,20.125, 19.75,19.437, 19.75,18.312,
2025-04-20 04:01:09.780477,  21.0,20.125, 19.75,19.437, 19.75, 18.25,
2025-04-20 04:02:14.836498,  21.0,20.125, 19.75,19.437, 19.75,18.312,
2025-04-20 04:03:19.892524,  21.0,20.125, 19.75,19.437, 19.75,18.312,
2025-04-20 04:04:24.948533,21.062,20.062, 19.75,19.437,19.812,18.312,
2025-04-20 04:05:30.004534,  21.0,20.125, 19.75,19.437,19.812,18.312,
2025-04-20 04:06:35.060526,21.062,20.125, 19.75,19.437,19.812,18.312,
2025-04-20 04:07:40.116513,21.062,20.125, 19.75,19.437,19.812,18.312,
2025-04-20 04:08:45.172499,  21.0,20.125, 19.75,19.437,19.812,18.312,
2025-04-20 04:09:50.228516,  21.0,20.125, 19.75,19.437,19.812,18.312,
2025-04-20 04:10:55.284510,  21.0,20.062, 19.75,19.437, 19.75,18.312,
2025-04-20 04:12:00.340450,21.062,20.125, 19.75,19.437, 19.75,18.312,
2025-04-20 04:13:05.396550,  21.0,20.125, 19.75,19.437, 19.75,18.312,
2025-04-20 04:14:10.452532,  21.0,20.125, 19.75,19.437, 19.75,18.312,
2025-04-20 04:15:15.508533,21.062,20.062, 19.75,19.437, 19.75, 18.25,
2025-04-20 04:16:20.564523,  21.0,20.125, 19.75,19.437, 19.75,18.312,
2025-04-20 04:17:25.620513,  21.0,20.125, 19.75,19.437, 19.75,18.312,
2025-04-20 04:18:30.676517,  21.0,20.062, 19.75,19.437, 19.75,18.312,
2025-04-20 04:19:35.732520,  21.0,20.125, 19.75,19.437, 19.75, 18.25,
2025-04-20 04:20:40.788515,  21.0,20.062, 19.75,19.437, 19.75,18.312,
2025-04-20 04:21:45.844525,  21.0,20.125, 19.75,19.437, 19.75,18.312,
2025-04-20 04:22:50.868556,  21.0,20.125, 19.75,19.437, 19.75,18.312,
2025-04-20 04:23:55.924479,  21.0,20.125, 19.75,19.437, 19.75,18.312,
2025-04-20 04:25:00.916476,  21.0,20.125, 19.75,19.437,19.812,18.312,
2025-04-20 04:26:05.972529,21.062,20.125, 19.75,19.437, 19.75,18.312,
2025-04-20 04:27:11.028540,21.062,20.062, 19.75,19.437, 19.75,18.312,
2025-04-20 04:28:16.084543,  21.0,20.062, 19.75,19.437, 19.75, 18.25,
2025-04-20 04:29:21.143859,  21.0,20.125, 19.75,19.437, 19.75,18.312,
2025-04-20 04:30:26.228561,  21.0,20.062, 19.75,19.437, 19.75,18.312,
2025-04-20 04:31:31.284487,  21.0,20.125, 19.75,19.437, 19.75,18.312,
2025-04-20 04:32:36.340473,  21.0,20.062, 19.75,19.437, 19.75,18.312,
2025-04-20 04:33:41.396522,  21.0,20.062, 19.75,19.437, 19.75,18.312,
2025-04-20 04:34:46.452507,21.062,20.125, 19.75,19.437, 19.75,18.312,
2025-04-20 04:35:51.508520,  21.0,20.125, 19.75,19.437, 19.75,18.312,
2025-04-20 04:36:56.564498,  21.0,20.062, 19.75,19.437, 19.75,18.312,
2025-04-20 04:38:01.620472,  21.0,20.125, 19.75,19.437, 19.75,18.312,
2025-04-20 04:39:06.676511,  21.0,20.125, 19.75,19.437, 19.75,18.312,
2025-04-20 04:40:11.732502,  21.0,20.125, 19.75,19.437, 19.75,18.312,
2025-04-20 04:41:16.788536,  21.0,20.062, 19.75,19.437, 19.75,18.312,
2025-04-20 04:42:21.844524,  21.0,20.125, 19.75,19.437, 19.75,18.312,
2025-04-20 04:43:26.900519,  21.0,20.125, 19.75,19.437, 19.75,18.312,
2025-04-20 04:44:31.892527,  21.0,20.125, 19.75,19.437, 19.75,18.312,
2025-04-20 04:45:36.948504,  21.0,20.062, 19.75,19.437, 19.75,18.312,
2025-04-20 04:46:42.004504,  21.0,20.125, 19.75,19.437, 19.75,18.312,
2025-04-20 04:47:47.060547,  21.0,20.125, 19.75,19.437, 19.75,18.312,
2025-04-20 04:48:52.116536,  21.0,20.125, 19.75,19.437, 19.75,18.312,
2025-04-20 04:49:57.172541,  21.0,20.062, 19.75,19.437, 19.75,18.312,
2025-04-20 04:51:02.228501,  21.0,20.125, 19.75,19.437, 19.75,18.312,
2025-04-20 04:52:07.285131,  21.0,20.125, 19.75,19.437, 19.75,18.312,
2025-04-20 04:53:12.340530,  21.0,20.125, 19.75,19.437,19.812,18.312,
2025-04-20 04:54:17.396532,  21.0,20.125, 19.75,19.437, 19.75,18.312,
2025-04-20 04:55:22.452517,  21.0,20.125, 19.75,19.437, 19.75,18.312,
2025-04-20 04:56:27.508770,21.062,20.125, 19.75,19.437,19.812,18.312,
2025-04-20 04:57:32.564524,21.062,20.125, 19.75,19.437,19.812,18.312,
2025-04-20 04:58:37.620523,21.062,20.125, 19.75,19.437,19.812,18.312,
2025-04-20 04:59:42.676529,21.062,20.125, 19.75,19.437,19.812,18.312,
2025-04-20 05:00:47.732537,  21.0,20.125, 19.75,19.437,19.812,18.312,
2025-04-20 05:01:52.788537,  21.0,20.125, 19.75,19.437,19.812,18.312,
2025-04-20 05:02:57.844506,  21.0,20.125, 19.75,19.437,19.812,18.312,
2025-04-20 05:04:02.900561,  21.0,20.125, 19.75,19.437, 19.75,18.312,
2025-04-20 05:05:07.956525,  21.0,20.125, 19.75,19.437, 19.75,18.312,
2025-04-20 05:06:13.012522,  21.0,20.125, 19.75,19.437, 19.75,18.312,
2025-04-20 05:07:18.068530,  21.0,20.125, 19.75,19.437, 19.75, 18.25,
2025-04-20 05:08:23.124555,  21.0,20.062, 19.75,19.437, 19.75,18.312,
2025-04-20 05:09:28.180531,  21.0,20.062, 19.75,19.437, 19.75, 18.25,
2025-04-20 05:10:33.236497,  21.0,20.125,19.687,19.437, 19.75,18.312,
2025-04-20 05:11:38.292504,  21.0,20.062, 19.75,19.437, 19.75,18.312,
2025-04-20 05:12:43.348461,  21.0,20.125, 19.75,19.437, 19.75, 18.25,
2025-04-20 05:13:48.404520,  21.0,20.125, 19.75,19.437, 19.75,18.312,
2025-04-20 05:14:53.460533,  21.0,20.125, 19.75,19.437, 19.75,18.312,
2025-04-20 05:15:58.516530,  21.0,20.125, 19.75,19.437, 19.75,18.312,
2025-04-20 05:17:03.572479,  21.0,20.062,19.687,19.437, 19.75, 18.25,
2025-04-20 05:18:08.628533,  21.0,20.062,19.687,19.437, 19.75, 18.25,
2025-04-20 05:19:13.684525,  21.0,20.062,19.687,19.437, 19.75, 18.25,
2025-04-20 05:20:18.740522,  21.0,20.062,19.687,19.437, 19.75, 18.25,
2025-04-20 05:21:23.796527,  21.0,20.062,19.687,19.375, 19.75, 18.25,
2025-04-20 05:22:28.852485,  21.0,20.062,19.687,19.437, 19.75, 18.25,
2025-04-20 05:23:33.908535,  21.0,20.062,19.687,19.437, 19.75, 18.25,
2025-04-20 05:24:38.964462,  21.0,20.062,19.687,19.437, 19.75, 18.25,
2025-04-20 05:25:44.020482,  21.0,20.062, 19.75,19.375, 19.75,18.312,
2025-04-20 05:26:49.076551,  21.0,20.125, 19.75,19.437, 19.75, 18.25,
2025-04-20 05:27:54.132511,  21.0,20.125,19.687,19.375, 19.75, 18.25,
2025-04-20 05:28:59.188535,  21.0,20.062, 19.75,19.437, 19.75,18.312,
2025-04-20 05:30:04.244482,  21.0,20.125,19.687,19.437, 19.75,18.312,
2025-04-20 05:31:09.300552,  21.0,20.062,19.687,19.437, 19.75, 18.25,
2025-04-20 05:32:14.356558,  21.0,20.062, 19.75,19.437, 19.75, 18.25,
2025-04-20 05:33:19.412570,  21.0,20.062, 19.75,19.437, 19.75, 18.25,
2025-04-20 05:34:24.468559,  21.0,20.062, 19.75,19.437, 19.75,18.312,
2025-04-20 05:35:29.524520,  21.0,20.062,19.687,19.437, 19.75, 18.25,
2025-04-20 05:36:34.580517,  21.0,20.062, 19.75,19.375, 19.75, 18.25,
2025-04-20 05:37:39.636515,  21.0,20.062, 19.75,19.437, 19.75, 18.25,
2025-04-20 05:38:44.692488,  21.0,20.062, 19.75,19.437, 19.75,18.312,
2025-04-20 05:39:49.748557,  21.0,20.125, 19.75,19.437, 19.75,18.312,
2025-04-20 05:40:54.804507,  21.0,20.062,19.687,19.437, 19.75, 18.25,
2025-04-20 05:41:59.860535,  21.0,20.125, 19.75,19.437, 19.75,18.312,
2025-04-20 05:43:04.916476,  21.0,20.125, 19.75,19.437, 19.75,18.312,
2025-04-20 05:44:09.972509,  21.0,20.125,19.687,19.437, 19.75, 18.25,
2025-04-20 05:45:15.028524,  21.0,20.125, 19.75,19.437, 19.75,18.312,
2025-04-20 05:46:20.084497,  21.0,20.062,19.687,19.437, 19.75, 18.25,
2025-04-20 05:47:25.140523,  21.0,20.062,19.687,19.375, 19.75,18.312,
2025-04-20 05:48:30.196536,  21.0,20.062,19.687,19.437, 19.75, 18.25,
2025-04-20 05:49:35.252533,  21.0,20.125,19.687,19.375, 19.75,18.312,
2025-04-20 05:50:40.308500,  21.0,20.062, 19.75,19.437, 19.75, 18.25,
2025-04-20 05:51:45.364491,  21.0,20.062, 19.75,19.437, 19.75, 18.25,
2025-04-20 05:52:50.420505,  21.0,20.062,19.687,19.437, 19.75, 18.25,
2025-04-20 05:53:55.476491,  21.0,20.062, 19.75,19.437, 19.75, 18.25,
2025-04-20 05:55:00.532573,  21.0,20.062,19.687,19.437, 19.75, 18.25,
2025-04-20 05:56:05.588498,  21.0,20.062, 19.75,19.437, 19.75,18.312,
2025-04-20 05:57:10.644548,  21.0,20.062,19.687,19.437, 19.75, 18.25,
2025-04-20 05:58:15.700534,  21.0,20.125, 19.75,19.437, 19.75, 18.25,
2025-04-20 05:59:20.756542,  21.0,20.062, 19.75,19.437, 19.75,18.312,
2025-04-20 06:00:25.812548,  21.0,20.062, 19.75,19.437, 19.75,18.312,
2025-04-20 06:01:30.868535,  21.0,20.125, 19.75,19.437, 19.75, 18.25,
2025-04-20 06:02:35.924505,  21.0,20.062, 19.75,19.437, 19.75, 18.25,
2025-04-20 06:03:40.980529,  21.0,20.062,19.687,19.437, 19.75, 18.25,
2025-04-20 06:04:46.036498,  21.0,20.062,19.687,19.375, 19.75, 18.25,
2025-04-20 06:05:51.092535,  21.0,20.062,19.687,19.437, 19.75,18.312,
2025-04-20 06:06:56.148541,  21.0,20.062,19.687,19.437, 19.75,18.312,
2025-04-20 06:08:01.204495,  21.0,20.062,19.687,19.437, 19.75, 18.25,
2025-04-20 06:09:06.260504,  21.0,20.062,19.687,19.437, 19.75,18.312,
2025-04-20 06:10:11.316484,  21.0,20.062, 19.75,19.437, 19.75,18.312,
2025-04-20 06:11:16.372491,  21.0,20.125, 19.75,19.437, 19.75,18.312,
2025-04-20 06:12:21.428503,  21.0,20.062, 19.75,19.437, 19.75,18.312,
2025-04-20 06:13:26.484495,  21.0,20.125, 19.75,19.437, 19.75,18.312,
2025-04-20 06:14:31.540492,  21.0,20.125, 19.75,19.437, 19.75,18.312,
2025-04-20 06:15:36.596474,  21.0,20.125, 19.75,19.437, 19.75, 18.25,
2025-04-20 06:16:41.652486,  21.0,20.125, 19.75,19.437, 19.75,18.312,
2025-04-20 06:17:46.708493,  21.0,20.125, 19.75,19.437, 19.75, 18.25,
2025-04-20 06:18:51.764529,  21.0,20.062, 19.75,19.437, 19.75,18.312,
2025-04-20 06:19:56.820516,  21.0,20.125,19.687,19.437, 19.75, 18.25,
2025-04-20 06:21:01.876500,  21.0,20.062,19.687,19.437, 19.75, 18.25,
2025-04-20 06:22:06.932510,  21.0,20.062,19.687,19.437, 19.75, 18.25,
2025-04-20 06:23:11.956513,  21.0,20.062,19.687,19.375, 19.75, 18.25,
2025-04-20 06:24:17.012571,  21.0,20.062,19.687,19.437, 19.75, 18.25,
2025-04-20 06:25:22.068501,  21.0,20.062,19.687,19.375, 19.75, 18.25,
2025-04-20 06:26:27.124502,  21.0,20.062,19.687,19.375, 19.75, 18.25,
2025-04-20 06:27:32.148542,  21.0,20.062, 19.75,19.437, 19.75, 18.25,
2025-04-20 06:28:37.204507,  21.0,20.062,19.687,19.375, 19.75, 18.25,
2025-04-20 06:29:42.260541,20.937,  20.0,19.687,19.375,19.687,18.187,
2025-04-20 06:30:47.316498,20.937,  20.0,19.687,19.375,19.687,18.187,
2025-04-20 06:31:52.372524,20.937,20.062,19.687,19.375,19.687, 18.25,
2025-04-20 06:32:57.428482,20.937,20.062,19.687,19.375,19.687,18.187,
2025-04-20 06:34:02.484485,20.937,  20.0,19.687,19.375,19.687,18.187,
2025-04-20 06:35:07.540451,20.937,  20.0,19.687,19.375,19.687,18.187,
2025-04-20 06:36:12.596515,20.937,  20.0,19.687,19.375,19.687,18.187,
2025-04-20 06:37:17.652536,20.937,20.062,19.687,19.375,19.687, 18.25,
2025-04-20 06:38:22.708523,20.937,20.062,19.687,19.375,19.687, 18.25,
2025-04-20 06:39:27.732540,20.937,20.062,19.687,19.375,19.687, 18.25,
2025-04-20 06:40:32.788532,  21.0,20.062,19.687,19.375,19.687,18.187,
2025-04-20 06:41:37.844514,20.937,20.062,19.687,19.375,19.687, 18.25,
2025-04-20 06:42:42.900516,  21.0,20.062,19.687,19.375, 19.75, 18.25,
2025-04-20 06:43:47.956500,  21.0,20.062,19.687,19.375, 19.75, 18.25,
2025-04-20 06:44:53.012538,  21.0,20.062,19.687,19.375, 19.75, 18.25,
2025-04-20 06:45:58.068525,  21.0,20.062,19.687,19.375, 19.75, 18.25,
2025-04-20 06:47:03.124546,  21.0,20.062,19.687,19.375, 19.75, 18.25,
2025-04-20 06:48:08.180459,  21.0,20.062,19.687,19.375, 19.75, 18.25,
2025-04-20 06:49:13.236524,  21.0,20.062,19.687,19.437, 19.75,18.312,
2025-04-20 06:50:18.292469,  21.0,20.062, 19.75,19.375, 19.75, 18.25,
2025-04-20 06:51:23.348512,20.937,20.062,19.687,19.375,19.687, 18.25,
2025-04-20 06:52:28.404511,20.937,  20.0,19.687,19.375,19.687,18.187,
2025-04-20 06:53:33.460613,20.937,  20.0,19.687,19.375,19.687, 18.25,
2025-04-20 06:54:38.516515,20.937,  20.0,19.687,19.375,19.687, 18.25,
2025-04-20 06:55:43.572500,20.937,20.062,19.687,19.375,19.687, 18.25,
2025-04-20 06:56:48.628516,20.937,20.062,19.687,19.375,19.687, 18.25,
2025-04-20 06:57:53.684510,20.937,20.062,19.687,19.375,19.687, 18.25,
2025-04-20 06:58:58.740548,20.937,20.062,19.687,19.375,19.687, 18.25,
2025-04-20 07:00:03.796524,20.937,20.062,19.687,19.375,19.687, 18.25,
2025-04-20 07:01:08.852476,20.937,20.062,19.687,19.375, 19.75, 18.25,
2025-04-20 07:02:13.908626,  21.0,20.062,19.687,19.375, 19.75, 18.25,
2025-04-20 07:03:18.965047,20.937,20.062,19.687,19.375,19.687, 18.25,
2025-04-20 07:04:24.020597,  21.0,20.062,19.687,19.375, 19.75, 18.25,
2025-04-20 07:05:29.076516,  21.0,20.062,19.687,19.375, 19.75, 18.25,
2025-04-20 07:06:34.132557,  21.0,20.062,19.687,19.375, 19.75, 18.25,
2025-04-20 07:07:39.188545,  21.0,20.062,19.687,19.375, 19.75, 18.25,
2025-04-20 07:08:44.244504,  21.0,20.062,19.687,19.375, 19.75, 18.25,
2025-04-20 07:09:49.300545,20.937,20.062,19.687,19.375,19.687, 18.25,
2025-04-20 07:10:54.356520,20.937,20.062,19.687,19.437,19.687, 18.25,
2025-04-20 07:11:59.412522,20.937,  20.0,19.687,19.375,19.687, 18.25,
2025-04-20 07:13:04.511862,20.937,20.062,19.687,19.375,19.687, 18.25,
2025-04-20 07:14:09.557110,20.937,20.062,19.687,19.375,19.687, 18.25,
2025-04-20 07:15:14.612553,  21.0,20.062,19.687,19.375,19.687, 18.25,
2025-04-20 07:16:19.668542,20.937,20.062,19.687,19.375,19.687, 18.25,
2025-04-20 07:17:24.724521,20.937,  20.0,19.687,19.375,19.687,18.187,
2025-04-20 07:18:29.780532,20.937,  20.0,19.687,19.375,19.687, 18.25,
2025-04-20 07:19:34.836522,20.937,20.062,19.687,19.375,19.687, 18.25,
2025-04-20 07:20:39.892493,20.937,  20.0,19.687,19.375,19.687, 18.25,
2025-04-20 07:21:44.948509,20.937,  20.0,19.687,19.375,19.687, 18.25,
2025-04-20 07:22:50.004533,20.937,  20.0,19.687,19.375,19.687, 18.25,
2025-04-20 07:23:55.060501,20.937,  20.0,19.687,19.375,19.687, 18.25,
2025-04-20 07:25:00.116518,20.937,  20.0,19.687,19.375,19.687,18.187,
2025-04-20 07:26:05.179863,20.937,  20.0,19.687,19.375,19.687, 18.25,
2025-04-20 07:27:10.260527,20.937,20.062,19.687,19.375,19.687, 18.25,
2025-04-20 07:28:15.316510,20.937,  20.0,19.687,19.375,19.687, 18.25,
2025-04-20 07:29:20.372509,20.937,  20.0,19.625,19.375,19.687, 18.25,
2025-04-20 07:30:25.364499,20.937,  20.0,19.625,19.375,19.687, 18.25,
2025-04-20 07:31:30.164489,20.937,  20.0,19.687,19.375,19.687, 18.25,
2025-04-20 07:32:34.964510,20.937,  20.0,19.625,19.375,19.687, 18.25,
2025-04-20 07:33:39.892527,20.937,  20.0,19.687,19.375,19.687, 18.25,
2025-04-20 07:34:44.948533,20.937,20.062,19.687,19.312,19.687, 18.25,
2025-04-20 07:35:50.004540,20.937,  20.0,19.687,19.375,19.687, 18.25,
2025-04-20 07:36:55.060511,20.937,20.062,19.687,19.375,19.687, 18.25,
2025-04-20 07:38:00.116527,20.937,  20.0,19.687,19.375,19.687, 18.25,
2025-04-20 07:39:05.172686,20.937,  20.0,19.687,19.375,19.687, 18.25,
2025-04-20 07:40:10.228481,20.937,  20.0,19.687,19.375,19.687, 18.25,
2025-04-20 07:41:15.284516,20.937,  20.0,19.625,19.375,19.687,18.187,
2025-04-20 07:42:20.340519,20.937,  20.0,19.687,19.312,19.687, 18.25,
2025-04-20 07:43:25.396524,20.937,  20.0,19.625,19.312,19.687,18.187,
2025-04-20 07:44:30.452517,20.937,  20.0,19.687,19.312,19.687, 18.25,
2025-04-20 07:45:35.508512,20.937,  20.0,19.625,19.312,19.687, 18.25,
2025-04-20 07:46:40.564514,20.937,20.062,19.625,19.375,19.687, 18.25,
2025-04-20 07:47:45.620527,20.937,  20.0,19.625,19.375,19.687,18.187,
2025-04-20 07:48:50.676532,20.937,  20.0,19.625,19.375,19.687, 18.25,
2025-04-20 07:49:55.732527,20.937,  20.0,19.625,19.375,19.687, 18.25,
2025-04-20 07:51:00.788590,20.937,  20.0,19.687,19.312,19.687, 18.25,
2025-04-20 07:52:05.844476,20.937,  20.0,19.687,19.312,19.687,18.187,
2025-04-20 07:53:10.900541,20.937,  20.0,19.625,19.312,19.687, 18.25,
2025-04-20 07:54:15.956519,20.937,  20.0,19.687,19.375,19.687,18.187,
2025-04-20 07:55:21.016523,20.937,  20.0,19.625,19.312,19.687, 18.25,
2025-04-20 07:56:26.100492,20.937,  20.0,19.687,19.375,19.687, 18.25,
2025-04-20 07:57:31.156500,20.937,  20.0,19.687,19.375,19.687, 18.25,
2025-04-20 07:58:36.180516,20.937,  20.0,19.687,19.312,19.687,18.187,
2025-04-20 07:59:41.236504,20.937,19.937,19.625,19.312,19.687,18.187,
2025-04-20 08:00:46.292493,20.937,  20.0,19.625,19.312,19.687,18.187,
2025-04-20 08:01:51.348532,20.937,  20.0,19.625,19.312,19.687, 18.25,
2025-04-20 08:02:56.404495,20.937,  20.0,19.625,19.375,19.687, 18.25,
2025-04-20 08:04:01.460487,20.937,  20.0,19.687,19.312,19.687,18.187,
2025-04-20 08:05:06.516476,20.937,  20.0,19.687,19.375,19.687,18.187,
2025-04-20 08:06:11.572519,20.937,  20.0,19.687,19.375,19.687,18.187,
2025-04-20 08:07:16.628501,20.937,  20.0,19.687,19.375,19.687, 18.25,
2025-04-20 08:08:21.684489,20.937,  20.0,19.625,19.375,19.687,18.187,
2025-04-20 08:09:26.740503,20.937,  20.0,19.625,19.312,19.687, 18.25,
2025-04-20 08:10:31.796509,20.937,  20.0,19.687,19.312,19.687,18.187,
2025-04-20 08:11:36.852510,20.937,  20.0,19.687,19.375,19.687, 18.25,
2025-04-20 08:12:41.908500,20.937,  20.0,19.625,19.312,19.687,18.187,
2025-04-20 08:13:46.964500,20.937,  20.0,19.625,19.312,19.687,18.187,
2025-04-20 08:14:52.020500,20.937,  20.0,19.625,19.312,19.687,18.187,
2025-04-20 08:15:57.076507,20.937,  20.0,19.625,19.375,19.687,18.187,
2025-04-20 08:17:02.132499,20.937,  20.0,19.625,19.312,19.687,18.187,
2025-04-20 08:18:07.252492,20.937,  20.0,19.625,19.312,19.687,18.187,
2025-04-20 08:19:12.308462,20.937,19.937,19.625,19.312,19.687,18.187,
2025-04-20 08:20:17.364487,20.937,  20.0,19.625,19.312,19.687,18.187,
2025-04-20 08:21:22.388529,20.937,  20.0,19.625,19.312,19.687,18.187,
2025-04-20 08:22:27.444496,20.937,  20.0,19.625,19.312,19.687,18.187,
2025-04-20 08:23:32.500492,20.875,  20.0,19.625,19.312,19.625,18.187,
2025-04-20 08:24:37.556496,20.875,19.937,19.625,19.312,19.625,18.187,
2025-04-20 08:25:42.612535,20.875,19.937,19.562,19.312,19.625,18.125,
2025-04-20 08:26:47.668500,20.875,19.937,19.625, 19.25,19.625,18.187,
2025-04-20 08:27:52.724540,20.875,19.937,19.562,19.312,19.625,18.187,
2025-04-20 08:28:57.780522,20.875,19.937,19.625, 19.25,19.625,18.187,
2025-04-20 08:30:02.836493,20.875,19.937,19.625,19.312,19.625,18.187,
2025-04-20 08:31:07.892508,20.875,19.937,19.562, 19.25,19.625,18.187,
2025-04-20 08:32:12.948496,20.875,19.937,19.562,19.312,19.625,18.125,
2025-04-20 08:33:18.004488,20.875,19.937,19.562, 19.25,19.625,18.125,
2025-04-20 08:34:23.060515,20.875,19.937,19.562,19.312,19.625,18.125,
2025-04-20 08:35:28.116536,20.875,19.937,19.562, 19.25,19.625,18.187,
2025-04-20 08:36:33.172528,20.875,19.937,19.562, 19.25,19.625,18.125,
2025-04-20 08:37:38.228493,20.875,19.937,19.562, 19.25,19.625,18.187,
2025-04-20 08:38:43.284467,20.875,19.937,19.562, 19.25,19.625,18.125,
2025-04-20 08:39:48.340503,20.875,19.937,19.562, 19.25,19.625,18.125,
2025-04-20 08:40:53.396513,20.875,19.937,19.562, 19.25,19.625,18.125,
2025-04-20 08:41:58.452569,20.875,19.937,19.562, 19.25,19.562,18.125,
2025-04-20 08:43:03.508478,20.875,19.937,19.562, 19.25,19.625,18.125,
2025-04-20 08:44:08.564481,20.875,19.937,19.562, 19.25,19.625,18.125,
2025-04-20 08:45:13.620475,20.875,19.937,19.562, 19.25,19.562,18.125,
2025-04-20 08:46:18.676529,20.875,19.937,19.562, 19.25,19.562,18.125,
2025-04-20 08:47:23.732502,20.875,19.937,19.562, 19.25,19.562,18.125,
2025-04-20 08:48:28.788513,20.875,19.937,19.562, 19.25,19.562,18.125,
2025-04-20 08:49:33.844546,20.875,19.937,19.562, 19.25,19.562,18.125,
2025-04-20 08:50:38.900688,20.875,19.937,  19.5, 19.25,19.625,18.125,
2025-04-20 08:51:43.956528,20.875,19.937,19.562, 19.25,19.562,18.125,
2025-04-20 08:52:49.012514,20.875,19.937,19.562, 19.25,19.562,18.125,
2025-04-20 08:53:54.068516,20.875,19.937,19.562, 19.25,19.562,18.062,
2025-04-20 08:54:59.124515,20.875,19.937,19.562, 19.25,19.562,18.125,
2025-04-20 08:56:04.180521,20.875,19.875,19.562, 19.25,19.562,18.125,
2025-04-20 08:57:09.236457,20.875,19.937,19.562, 19.25,19.562,18.125,
2025-04-20 08:58:14.292501,20.875,19.875,19.562, 19.25,19.562,18.125,
2025-04-20 08:59:19.348508,20.875,19.937,19.562, 19.25,19.562,18.125,
2025-04-20 09:00:24.404576,20.875,19.937,19.562, 19.25,19.625,18.125,
2025-04-20 09:01:29.460475,20.875,19.937,19.562, 19.25,19.625,18.125,
2025-04-20 09:02:34.516523,20.875,19.875,19.562, 19.25,19.625,18.125,
2025-04-20 09:03:39.572502,20.875,19.937,19.562, 19.25,19.625,18.125,
2025-04-20 09:04:44.628499,20.875,19.937,19.562, 19.25,19.562,18.125,
2025-04-20 09:05:49.684508,20.875,19.937,19.562, 19.25,19.562,18.125,
2025-04-20 09:06:54.740494,20.875,19.937,19.562, 19.25,19.625,18.125,
2025-04-20 09:07:59.796496,20.875,19.937,19.562, 19.25,19.625,18.187,
2025-04-20 09:09:04.852527,20.875,19.937,19.562, 19.25,19.625,18.125,
2025-04-20 09:10:09.908539,20.875,19.937,19.562, 19.25,19.625,18.125,
2025-04-20 09:11:14.964529,20.875,19.937,19.562, 19.25,19.625,18.125,
2025-04-20 09:12:20.020538,20.875,19.937,19.562, 19.25,19.625,18.125,
2025-04-20 09:13:25.076533,20.875,19.937,19.562, 19.25,19.625,18.125,
2025-04-20 09:14:30.132525,20.875,19.937,19.562, 19.25,19.625,18.187,
2025-04-20 09:15:35.188566,20.875,19.937,19.625, 19.25,19.625,18.125,
2025-04-20 09:16:40.244528,20.875,19.937,19.562, 19.25,19.625,18.187,
2025-04-20 09:17:45.300482,20.875,19.937,19.625, 19.25,19.625,18.125,
2025-04-20 09:18:50.356514,20.875,19.937,19.562, 19.25,19.625,18.187,
2025-04-20 09:19:55.412562,20.875,19.937,19.625, 19.25,19.625,18.187,
2025-04-20 09:21:00.468518,20.875,19.937,19.562, 19.25,19.625,18.187,
2025-04-20 09:22:05.524537,20.875,19.937,19.562, 19.25,19.625,18.125,
2025-04-20 09:23:10.580521,20.875,19.937,19.562, 19.25,19.625,18.187,
2025-04-20 09:24:15.636504,20.875,19.937,19.562,19.312,19.625,18.125,
2025-04-20 09:25:20.692526,20.875,19.937,19.562, 19.25,19.625,18.125,
2025-04-20 09:26:25.748520,20.875,19.937,19.562, 19.25,19.625,18.187,
2025-04-20 09:27:30.804529,20.875,19.937,19.562, 19.25,19.625,18.125,
2025-04-20 09:28:35.860522,20.875,19.937,19.562, 19.25,19.625,18.125,
2025-04-20 09:29:40.916504,20.875,19.937,19.562, 19.25,19.625,18.125,
2025-04-20 09:30:45.972523,20.875,19.937,19.562, 19.25,19.562,18.125,
2025-04-20 09:31:51.028514,20.875,19.937,19.562, 19.25,19.562,18.125,
2025-04-20 09:32:56.084525,20.875,19.937,19.562, 19.25,19.562,18.125,
2025-04-20 09:34:01.140504,20.875,19.937,19.562, 19.25,19.625,18.125,
2025-04-20 09:35:06.196481,20.875,19.937,19.562, 19.25,19.625,18.125,
2025-04-20 09:36:11.252531,20.875,19.937,19.562, 19.25,19.625,18.125,
2025-04-20 09:37:16.308520,20.875,19.937,19.562, 19.25,19.625,18.125,
2025-04-20 09:38:21.364521,20.875,19.937,19.562, 19.25,19.625,18.125,
2025-04-20 09:39:26.420530,20.875,19.937,19.562, 19.25,19.625,18.125,
2025-04-20 09:40:31.476525,20.875,19.937,19.562, 19.25,19.562,18.125,
2025-04-20 09:41:36.532477,20.875,19.937,19.562, 19.25,19.562,18.125,
2025-04-20 09:42:41.588517,20.875,19.937,19.562,19.187,19.625,18.125,
2025-04-20 09:43:46.644520,20.812,19.937,19.562, 19.25,19.562,18.125,
2025-04-20 09:44:51.700486,20.875,19.875,19.562, 19.25,19.562,18.125,
2025-04-20 09:45:56.756527,20.875,19.937,19.562, 19.25,19.562,18.125,
2025-04-20 09:47:01.812544,20.875,19.875,  19.5, 19.25,19.562,18.125,
2025-04-20 09:48:06.868517,20.812,19.875,  19.5, 19.25,19.562,18.062,
2025-04-20 09:49:11.924603,20.812,19.812,  19.5,19.187,19.562,18.062,
2025-04-20 09:50:16.980506,20.812,19.875,  19.5,19.187,  19.5,18.062,
2025-04-20 09:51:22.036631,20.812,19.875,  19.5,19.187,  19.5,18.062,
2025-04-20 09:52:27.092542,20.812,19.875,19.437,19.187,  19.5,18.062,
2025-04-20 09:53:32.148533,20.812,19.875,  19.5,19.187,  19.5,18.062,
2025-04-20 09:54:37.204520,20.812,19.875,  19.5,19.187,  19.5,18.062,
2025-04-20 09:55:42.260454,20.812,19.875,  19.5,19.187,  19.5,18.062,
2025-04-20 09:56:47.316447,20.812,19.875,  19.5,19.187,19.562,18.062,
2025-04-20 09:57:52.372534,20.812,19.875,  19.5,19.187,19.562,18.125,
2025-04-20 09:58:57.428533,20.812,19.875,  19.5, 19.25,19.562,18.062,
2025-04-20 10:00:02.484495,20.875,19.875,  19.5,19.187,19.562,18.125,
2025-04-20 10:01:07.540461,20.812,19.937,  19.5, 19.25,19.562,18.125,
2025-04-20 10:02:12.596488,20.875,19.937,19.562, 19.25,19.562,18.125,
2025-04-20 10:03:17.652498,20.875,19.937,19.562, 19.25,19.562,18.125,
2025-04-20 10:04:22.708523,20.875,19.937,19.562, 19.25,19.562,18.125,
2025-04-20 10:05:27.764497,20.812,19.937,  19.5, 19.25,19.562,18.125,
2025-04-20 10:06:32.820533,20.812,19.937,19.562, 19.25,19.562,18.125,
2025-04-20 10:07:37.876534,20.812,19.937,19.562, 19.25,19.562,18.125,
2025-04-20 10:08:42.932530,20.812,19.875,19.562, 19.25,19.562,18.125,
2025-04-20 10:09:47.988524,20.812,19.875,  19.5, 19.25,19.562,18.062,
2025-04-20 10:10:53.044609,20.812,19.875,  19.5, 19.25,19.562,18.125,
2025-04-20 10:11:58.100517,20.812,19.875,  19.5, 19.25,  19.5,18.062,
2025-04-20 10:13:03.156540,20.812,19.875,  19.5, 19.25,19.562,18.062,
2025-04-20 10:14:08.212480,20.812,19.937,  19.5,19.187,19.562,18.062,
2025-04-20 10:15:13.268559,20.812,19.875,  19.5, 19.25,19.562,18.125,
2025-04-20 10:16:18.324480,20.875,19.937,19.562, 19.25,19.562,18.125,
2025-04-20 10:17:23.380592,20.812,19.937,  19.5, 19.25,19.562,18.125,
2025-04-20 10:18:28.436510,20.812,19.937,19.562, 19.25,19.562,18.125,
2025-04-20 10:19:33.492523,20.875,19.937,19.562, 19.25,19.562,18.125,
2025-04-20 10:20:38.548521,20.875,19.937,19.562, 19.25,19.562,18.125,
2025-04-20 10:21:43.604501,20.875,19.937,19.562, 19.25,19.562,18.125,
2025-04-20 10:22:48.660536,20.875,19.937,19.562, 19.25,19.562,18.125,
2025-04-20 10:23:53.716524,20.875,19.937,19.562, 19.25,19.562,18.125,
2025-04-20 10:24:58.772539,20.875,19.937,19.562, 19.25,19.625,18.125,
2025-04-20 10:26:03.828542,20.875,  20.0,19.562, 19.25,19.625,18.187,
2025-04-20 10:27:08.884516,20.875,  20.0,19.562, 19.25,19.625,18.187,
2025-04-20 10:28:13.940508,20.875,  20.0,19.562,19.312,19.625,18.187,
2025-04-20 10:29:18.996519,20.875,  20.0,19.562,19.312,19.625,18.187,
2025-04-20 10:30:24.052547,20.875,  20.0,19.562,19.312,19.625,18.187,
2025-04-20 10:31:29.108522,20.875,  20.0,19.562,19.312,19.625,18.187,
2025-04-20 10:32:34.164552,20.875,  20.0,19.625,19.312,19.625,18.187,
2025-04-20 10:33:39.220540,20.875,  20.0,19.625,19.312,19.625,18.187,
2025-04-20 10:34:44.276557,20.875,  20.0,19.625,19.312,19.625,18.187,
2025-04-20 10:35:49.332549,20.875,  20.0,19.625, 19.25,19.625,18.187,
2025-04-20 10:36:54.388508,20.937,  20.0,19.625,19.312,19.687,18.187,
2025-04-20 10:37:59.444507,20.875,  20.0,19.562,19.312,19.625,18.187,
2025-04-20 10:39:04.500526,20.875,19.937,19.625,19.312,19.625,18.187,
2025-04-20 10:40:09.556483,20.875,  20.0,19.625,19.312,19.625,18.187,
2025-04-20 10:41:14.612526,20.875,  20.0,19.625,19.312,19.625,18.187,
2025-04-20 10:42:19.668539,20.875,  20.0,19.625,19.312,19.687,18.187,
2025-04-20 10:43:24.724539,20.937,  20.0,19.625,19.312,19.625,18.187,
2025-04-20 10:44:29.780553,20.937,  20.0,19.625,19.312,19.687,18.187,
2025-04-20 10:45:34.836547,20.937,20.062,19.687,19.312,19.687, 18.25,
2025-04-20 10:46:39.893110,20.937,20.062,19.687,19.312,19.687,18.187,
2025-04-20 10:47:44.948509,20.937,20.062,19.625,19.312,19.687, 18.25,
2025-04-20 10:48:50.004546,20.937,20.062,19.687,19.312,19.687, 18.25,
2025-04-20 10:49:55.060530,20.937,20.062,19.687,19.375, 19.75, 18.25,
2025-04-20 10:51:00.116504,20.937,20.125, 19.75,19.375, 19.75,18.312,
2025-04-20 10:52:05.172553,  21.0,20.125, 19.75,19.375, 19.75,18.312,
2025-04-20 10:53:10.228493,  21.0,20.125,19.687,19.375, 19.75,18.312,
2025-04-20 10:54:15.284507,  21.0,20.062,19.687,19.375, 19.75, 18.25,
2025-04-20 10:55:20.340507,20.937,20.062,19.687,19.375, 19.75, 18.25,
2025-04-20 10:56:25.397109,  21.0,20.062,19.687,19.375, 19.75, 18.25,
2025-04-20 10:57:30.452559,  21.0,20.062,19.687,19.375,19.687, 18.25,
2025-04-20 10:58:35.508535,20.937,20.062,19.687,19.375,19.687, 18.25,
2025-04-20 10:59:40.564540,20.937,20.062,19.687,19.375, 19.75, 18.25,
2025-04-20 11:00:45.589138,20.937,20.062,19.687,19.375,19.687, 18.25,
2025-04-20 11:01:50.644520,20.937,  20.0,19.687,19.375,19.687,18.187,
2025-04-20 11:02:55.700524,20.937,20.062,19.687,19.375,19.687, 18.25,
2025-04-20 11:04:00.756493,20.937,20.062, 19.75,19.375, 19.75,18.312,
2025-04-20 11:05:05.812493,  21.0,20.062, 19.75,19.375, 19.75,18.312,
2025-04-20 11:06:10.868523,  21.0,20.125, 19.75,19.375, 19.75,18.312,
2025-04-20 11:07:15.924530,  21.0,20.062, 19.75,19.375, 19.75, 18.25,
2025-04-20 11:08:20.980603,  21.0,20.125, 19.75,19.375, 19.75,18.312,
2025-04-20 11:09:26.036562,  21.0,20.062, 19.75,19.375, 19.75,18.312,
2025-04-20 11:10:31.092546,  21.0,20.125, 19.75,19.375, 19.75,18.312,
2025-04-20 11:11:36.148529,  21.0,20.125, 19.75,19.375,19.812,18.312,
2025-04-20 11:12:41.204520,  21.0,20.125, 19.75,19.375,19.812,18.312,
2025-04-20 11:13:46.260544,  21.0,20.125, 19.75,19.437,19.812,18.312,
2025-04-20 11:14:51.316541,  21.0,20.125, 19.75,19.437,19.812,18.312,
2025-04-20 11:15:56.372523,  21.0,20.125,19.812,19.437,19.812,18.312,
2025-04-20 11:17:01.428516,  21.0,20.187, 19.75,19.375,19.812,18.312,
2025-04-20 11:18:06.484532,  21.0,20.125,19.812,19.437,19.812,18.312,
2025-04-20 11:19:11.540532,  21.0,20.187,19.812,19.437,19.812,18.312,
2025-04-20 11:20:16.596532,21.062,20.187,19.812,19.437,19.812,18.375,
2025-04-20 11:21:21.652524,  21.0,20.187,19.812,19.437,19.812,18.312,
2025-04-20 11:22:26.708533,21.062,20.187,19.812,19.437,19.812,18.375,
2025-04-20 11:23:31.764524,21.062,20.187,19.812,19.437,19.812,18.375,
2025-04-20 11:24:36.820534,21.062,20.187,19.812,  19.5,19.812,18.375,
2025-04-20 11:25:41.876517,21.062,20.187,19.812,19.437,19.812,18.312,
2025-04-20 11:26:46.932498,21.062,20.187,19.812,  19.5,19.812,18.375,
2025-04-20 11:27:51.988526,21.062,20.187,19.812,19.437,19.812,18.375,
2025-04-20 11:28:57.044492,21.062,20.187,19.812,  19.5,19.875,18.375,
2025-04-20 11:30:02.100490,21.062,20.187,19.812,  19.5,19.875,18.375,
2025-04-20 11:31:07.156492,21.062,20.187,19.812,  19.5,19.812,18.375,
2025-04-20 11:32:12.212552,21.062,20.187,19.812,19.437,19.812,18.375,
2025-04-20 11:33:17.268498,21.062,20.125,19.812,19.437,19.812,18.312,
2025-04-20 11:34:22.324513,21.062,20.187,19.812,19.437,19.812,18.375,
2025-04-20 11:35:27.380512,21.062,20.187,19.812,  19.5,19.812,18.375,
2025-04-20 11:36:32.436524,21.062,20.187,19.812,19.437,19.812,18.375,
2025-04-20 11:37:37.492527,21.062,20.187,19.812,19.437,19.812,18.375,
2025-04-20 11:38:42.548552,21.062,20.125,19.812,19.437,19.812,18.375,
2025-04-20 11:39:47.604529,21.062,20.125,19.812,19.437,19.812,18.312,
2025-04-20 11:40:52.660506,21.062,20.125,19.812,19.437,19.812,18.375,
2025-04-20 11:41:57.716523,  21.0,20.062, 19.75,19.437,19.812,18.312,
2025-04-20 11:43:02.772518,  21.0,20.125,19.812,19.437,19.812,18.312,
2025-04-20 11:44:07.828546,21.062,20.187,19.812,19.437,19.812,18.312,
2025-04-20 11:45:12.884463,21.062,20.187,19.875,19.437,19.875,18.375,
2025-04-20 11:46:17.940766,21.125,20.187,19.875,  19.5,19.875,18.375,
2025-04-20 11:47:22.996518,21.062,20.187,19.875,  19.5,19.875,18.375,
2025-04-20 11:48:28.052522,21.125, 20.25,19.875,  19.5,19.875,18.437,
2025-04-20 11:49:33.108508,21.062, 20.25,19.875,  19.5,19.937,18.437,
2025-04-20 11:50:38.164496,21.125, 20.25,19.937,19.562,19.937,18.437,
2025-04-20 11:51:43.220506,21.125, 20.25,19.875,19.562,19.937,18.437,
2025-04-20 11:52:48.276492,21.187, 20.25,19.937,19.562,19.937,18.437,
2025-04-20 11:53:53.332505,21.125,20.312,19.937,19.562,19.937,  18.5,
2025-04-20 11:54:58.388564,21.187,20.312,19.937,19.562,19.937,  18.5,
2025-04-20 11:56:03.444513,21.187,20.375,  20.0,19.625,  20.0,18.562,
2025-04-20 11:57:08.500495, 21.25,20.375,  20.0,19.625,  20.0,18.562,
2025-04-20 11:58:13.556473,21.187,20.312,19.937,19.625,  20.0,  18.5,
2025-04-20 11:59:18.612508,21.187,20.312,19.937,19.625,  20.0,  18.5,
2025-04-20 12:00:23.668506,21.187,20.312,19.937,19.562,19.937,  18.5,
2025-04-20 12:01:28.724508,21.187, 20.25,19.937,19.562,19.937,  18.5,
2025-04-20 12:02:33.780520,21.187, 20.25,19.875,19.562,19.937,  18.5,
2025-04-20 12:03:38.836530,21.187, 20.25,19.875,19.562,19.937,18.437,
2025-04-20 12:04:43.892520,21.125, 20.25,19.875,19.562,19.937,18.437,
2025-04-20 12:05:48.948503,21.187,20.312,19.937,19.625,19.937,  18.5,
2025-04-20 12:06:54.004534,21.187,20.312,19.937,19.562,  20.0,  18.5,
2025-04-20 12:07:59.060534,21.187,20.312,19.875,19.562,19.937,  18.5,
2025-04-20 12:09:04.116529,21.187,20.312,19.937,19.562,  20.0,  18.5,
2025-04-20 12:10:09.172538,21.187,20.312,19.937,19.562,  20.0,  18.5,
2025-04-20 12:11:14.260504,21.187,20.375,19.937,19.625,  20.0,18.562,
2025-04-20 12:12:19.316512, 21.25,20.375,  20.0,19.625,20.062,18.562,
2025-04-20 12:13:24.372527, 21.25,20.437,  20.0,19.625,20.062,18.562,
2025-04-20 12:14:29.428540, 21.25,20.375,  20.0,19.625,20.062,18.562,
2025-04-20 12:15:34.484596, 21.25,20.375,  20.0,19.625,20.062,18.562,
2025-04-20 12:16:39.540519, 21.25,20.375,  20.0,19.625,  20.0,18.562,
2025-04-20 12:17:44.596550,21.187,20.312,19.937,19.562,  20.0,18.562,
2025-04-20 12:18:49.652505,21.187,20.312,19.937,19.625,  20.0,  18.5,
2025-04-20 12:19:54.708545,21.187,20.312,19.937,19.562,  20.0,  18.5,
2025-04-20 12:20:59.764540,21.187,20.312,19.937,19.625,  20.0,  18.5,
2025-04-20 12:22:04.788523,21.187, 20.25,19.937,19.562,19.937,18.437,
2025-04-20 12:23:09.844539,21.125, 20.25,19.875,19.562,19.937,18.437,
2025-04-20 12:24:14.900479,21.187, 20.25,19.875,19.562,19.937,18.437,
2025-04-20 12:25:19.924536,21.125, 20.25,19.875,19.562,19.875,18.437,
2025-04-20 12:26:24.980522,21.125, 20.25,19.875,19.562,19.937,18.437,
2025-04-20 12:27:30.036545,21.125, 20.25,19.875,19.562,19.875,18.437,
2025-04-20 12:28:35.092538,21.187, 20.25,19.875,19.562,19.937,18.437,
2025-04-20 12:29:40.148532,21.187,20.312,19.875,19.562,19.937,  18.5,
2025-04-20 12:30:45.204518,21.187, 20.25,19.875,19.562,19.937,18.437,
2025-04-20 12:31:50.260518,21.187, 20.25,19.875,19.562,19.937,18.437,
2025-04-20 12:32:55.316515,21.187,20.312,19.937,19.562,19.937,  18.5,
2025-04-20 12:34:00.372487,21.187, 20.25,19.875,19.562,19.937,  18.5,
2025-04-20 12:35:05.428528,21.187,20.312,19.937,19.562,  20.0,  18.5,
2025-04-20 12:36:10.484533, 21.25,20.312,19.937,19.625,  20.0,18.562,
2025-04-20 12:37:15.540565, 21.25,20.312,19.937,19.625,  20.0,  18.5,
2025-04-20 12:38:20.596538, 21.25,20.312,19.937,19.625,  20.0,18.562,
2025-04-20 12:39:25.652521,21.187,20.312,19.937,19.625,  20.0,  18.5,
2025-04-20 12:40:30.708523, 21.25,20.312,19.937,19.625,  20.0,18.562,
2025-04-20 12:41:35.700487,21.187,20.312,19.937,19.625,  20.0,  18.5,
2025-04-20 12:42:40.821091, 21.25,20.312,19.937,19.625,  20.0,  18.5,
2025-04-20 12:43:45.876528, 21.25,20.312,19.937,19.625,  20.0,  18.5,
2025-04-20 12:44:50.932788, 21.25, 20.25,19.937,19.562,  20.0,  18.5,
2025-04-20 12:45:55.988551,21.187, 20.25,19.937,19.562,19.937,18.437,
2025-04-20 12:47:01.044513,21.187, 20.25,19.937,19.562,19.937,  18.5,
2025-04-20 12:48:06.100534,21.187, 20.25,19.937,19.562,19.937,  18.5,
2025-04-20 12:49:11.156525, 21.25,20.312,19.937,19.625,19.937,  18.5,
2025-04-20 12:50:16.212484, 21.25,20.312,19.937,19.562,19.937,  18.5,
2025-04-20 12:51:21.268527,21.187,20.312,19.937,19.562,  20.0,  18.5,
2025-04-20 12:52:26.324538,21.187,20.312,19.937,19.562,19.937,  18.5,
2025-04-20 12:53:31.380502, 21.25,20.312,19.937,19.562,19.937,18.562,
2025-04-20 12:54:36.436491, 21.25,20.312,19.937,19.562,  20.0,  18.5,
2025-04-20 12:55:41.492510, 21.25,20.375,  20.0,19.687,20.062,18.625,
2025-04-20 12:56:46.548525,21.312,  20.5,  20.0,19.687,20.062,18.625,
2025-04-20 12:57:51.604523,21.312,20.625,19.937, 19.75,20.187, 18.75,
2025-04-20 12:58:56.660533,21.312,20.437,20.062,19.687,20.062,18.625,
2025-04-20 13:00:01.716538, 21.25,20.375,20.062,19.687,20.062,18.562,
2025-04-20 13:01:06.772531, 21.25,20.312,  20.0,19.625,  20.0,18.562,
2025-04-20 13:02:11.828533, 21.25,20.375,  20.0,19.625,20.062,18.562,
2025-04-20 13:03:16.884502, 21.25,20.375,  20.0,19.625,20.062,18.625,
2025-04-20 13:04:21.940542, 21.25,20.375,  20.0,19.687,20.062,18.625,
2025-04-20 13:05:26.996566,21.312,20.437,20.062,19.687,20.062,18.625,
2025-04-20 13:06:32.052562,21.312,20.437,20.062,19.687,20.125,18.625,
2025-04-20 13:07:37.108565,21.312,20.437,20.062,19.687,20.125,18.687,
2025-04-20 13:08:42.164557,21.312,  20.5,20.062, 19.75,20.125,18.687,
2025-04-20 13:09:47.220518,21.375,  20.5,20.125, 19.75,20.187,18.687,
2025-04-20 13:10:52.276562,21.375,20.562,20.187, 19.75, 20.25, 18.75,
2025-04-20 13:11:57.332540,21.375,20.625,20.187, 19.75, 20.25, 18.75,
2025-04-20 13:13:02.388551,21.437,20.625, 20.25,19.812,20.312,18.812,
2025-04-20 13:14:07.444613,21.437,20.625, 20.25,19.812,20.312,18.812,
2025-04-20 13:15:12.500494,21.437,20.625, 20.25,19.812,20.312,18.812,
2025-04-20 13:16:17.556486,21.437,20.625, 20.25,19.812,20.312,18.812,
2025-04-20 13:17:22.612544,21.437,20.625, 20.25,19.812,20.312,18.812,
2025-04-20 13:18:27.668479,  21.5,20.687,20.312,19.875,20.375,18.875,
2025-04-20 13:25:53.525923,21.687, 20.75,20.312,19.937,20.375,18.937,
2025-04-20 13:26:52.479622,21.687, 20.75,20.312,19.937,20.375,  19.0,
2025-04-20 13:29:42.430412,21.687, 20.75,20.312,  20.0,20.375,  19.0,
2025-04-20 13:37:38.680777, 21.75, 20.75,20.375,20.062,20.437,  19.0,
2025-04-20 13:40:01.579079,21.687, 20.75,20.375,20.062,20.437,  19.0,
2025-04-20 13:41:01.431516, 21.75, 20.75,20.375,20.062,20.437,19.062,
2025-04-20 13:42:01.291369, 21.75, 20.75,20.375,20.062,20.437,  19.0,
2025-04-20 13:43:01.144112, 21.75, 20.75,20.375,20.125,20.437,  19.0,
2025-04-20 13:44:01.206582,21.687, 20.75,20.375,20.062,20.437,  19.0,
2025-04-20 13:45:01.037961,21.687,20.812,20.437,20.125,20.437,  19.0,
2025-04-20 13:46:01.893912, 21.75,20.812,20.437,20.125,  20.5,  19.0,
2025-04-20 13:47:01.742047, 21.75,20.812,  20.5,20.125,  20.5,  19.0,
2025-04-20 13:48:01.619394, 21.75, 20.75,20.437,20.125,20.437,18.937,
2025-04-20 13:49:01.529356, 21.75, 20.75,20.437,20.125,20.437,  19.0,
2025-04-20 13:50:01.710826, 21.75,20.687,20.437,20.062,20.437,18.937,
2025-04-20 13:51:01.556704, 21.75,20.687,20.437,20.062,20.375,18.937,
2025-04-20 13:52:01.453379,21.687,20.687,20.375,20.062,20.375,18.937,
2025-04-20 13:53:01.292905,21.687,20.625,20.312,  20.0,20.312,18.875,
2025-04-20 13:54:01.144405,21.687,20.687,20.312,20.062,20.375,18.937,
2025-04-20 13:55:01.204560,21.687, 20.75,20.312,20.062,20.375,19.062,
2025-04-20 13:56:01.081640, 21.75,20.812,20.312,20.125,20.375,19.062,
2025-04-20 13:57:01.973862,21.687,20.687,20.312,20.062,20.312,18.937,
2025-04-20 13:58:01.807383,21.687,20.687, 20.25,  20.0, 20.25,18.937,
2025-04-20 13:59:01.661726,21.687,20.687, 20.25,  20.0, 20.25,18.937,
2025-04-20 14:00:01.751427,21.687, 20.75, 20.25,  20.0, 20.25,  19.0,
2025-04-20 14:01:01.678035,21.687,20.625,20.187,  20.0,20.187,18.937,
2025-04-20 14:02:01.524471,21.687,20.687, 20.25,  20.0, 20.25,  19.0,
2025-04-20 14:03:01.376437,21.687,20.687,20.187,  20.0, 20.25,18.937,
2025-04-20 14:04:01.228349,21.687,20.687, 20.25,20.062, 20.25,18.937,
2025-04-20 14:05:01.271690,21.687, 20.75, 20.25,  20.0,20.312,19.062,
2025-04-20 14:06:01.134642,21.687,20.812, 20.25,20.062,20.312,19.062,
2025-04-20 14:07:01.067467,21.687,20.687, 20.25,20.062,20.312,19.062,
2025-04-20 14:08:01.939006,21.687, 20.75,20.187,20.062, 20.25,  19.0,
2025-04-20 14:09:01.787561,21.687, 20.75,20.187,20.062,20.187,  19.0,
2025-04-20 14:10:01.846969,21.687, 20.75,20.187,  20.0, 20.25,  19.0,
2025-04-20 14:11:01.805063,21.687, 20.75,20.187,20.062, 20.25,19.062,
2025-04-20 14:12:01.644897,21.687,20.812, 20.25,20.062,20.312,19.062,
2025-04-20 14:13:01.486444,21.687,20.875,20.312,20.062,20.312,19.125,
2025-04-20 14:14:01.335329,21.687,20.875,20.312,20.062,20.375,19.187,
2025-04-20 14:15:01.430003, 21.75,20.875,20.375,20.125,20.375,19.187,
2025-04-20 14:16:01.327086, 21.75,20.937,20.312,20.125,20.375, 19.25,
2025-04-20 14:17:01.171607, 21.75,  21.0,20.375,20.187,20.437,19.312,
2025-04-20 14:18:01.070375,21.812,21.062,  20.5,20.187,20.437,19.312,
2025-04-20 14:19:01.116358,21.812,21.062,20.312,20.187,  20.5,19.312,
