Time,a,b,c,d,e,f,
2025-04-18 17:51:21.654459, None, None,  22.625, None,  22.5, None, 
2025-04-18 17:52:23.278215, None, None,  22.437, None,  22.75, None, 
2025-04-18 17:53:24.878119, None, None,  22.375, None,  22.937, None, 
2025-04-18 17:54:26.478149, None, None,  22.312, None,  23.125, None, 
2025-04-18 17:55:28.078117, None, None,  22.312, None,  23.062, None, 
2025-04-18 17:56:29.678131, None, None,  22.25, None,  23.125, None, 
2025-04-18 17:57:31.278127, None, None,  22.187, None,  23.0, None, 
2025-04-18 17:58:32.878138, None, None,  22.125, None,  22.875, None, 
2025-04-18 17:59:34.478140, None, None,  22.062, None,  22.75, None, 
2025-04-18 18:00:36.078144, None, None,  22.062, None,  22.562, None, 
2025-04-18 18:01:37.678121, None, None,  22.0, None,  22.437, None, 
2025-04-18 18:02:39.278159, None, None,  21.937, None,  22.375, None, 
2025-04-18 18:03:40.878128, None, None,  21.937, None,  22.25, None, 
2025-04-18 18:04:42.478171, None, None,  21.875, None,  22.125, None, 
2025-04-18 18:05:44.078177, None, None,  21.875, None,  22.125, None, 
2025-04-18 18:06:45.678133, None, None,  21.875, None,  22.125, None, 
2025-04-18 18:07:47.278148, None, None,  21.937, None,  22.062, None, 
2025-04-18 18:08:48.878141, None, None,  21.937, None,  22.062, None, 
2025-04-18 18:09:50.478082, None, None,  22.062, None,  22.0, None, 
2025-04-18 18:10:52.078055, None, None,  22.125, None,  22.062, None, 
2025-04-18 18:11:53.678097, None, None,  22.125, None,  21.937, None, 
2025-04-18 18:12:55.278143, None, None,  22.25, None,  22.0, None, 
2025-04-18 18:13:56.878131, None, None,  22.25, None,  22.0, None, 
2025-04-18 18:14:58.478095, None, None,  22.25, None,  22.062, None, 
2025-04-18 18:16:00.078104, None, None,  22.25, None,  22.0, None, 
2025-04-18 18:17:01.710155, None, None,  22.125, None,  22.062, None, 
2025-04-18 18:18:03.310143, None, None,  22.125, None,  22.062, None, 
2025-04-18 18:19:04.910152, None, None,  22.062, None,  22.062, None, 
2025-04-18 18:20:06.510117, None, None,  22.0, None,  22.125, None, 
2025-04-18 18:21:08.110166, None, None,  22.0, None,  22.125, None, 
2025-04-18 18:22:09.710163, None, None,  22.0, None,  22.125, None, 
2025-04-18 18:23:11.310175, None, None,  21.875, None,  22.062, None, 
2025-04-18 18:24:12.910139, None, None,  21.937, None,  22.062, None, 
2025-04-18 18:25:14.510127, None, None,  21.812, None,  21.875, None, 
2025-04-18 18:26:16.110157, None, None,  21.75, None,  21.812, None, 
2025-04-18 18:27:17.710120, None, None,  21.625, None,  21.812, None, 
2025-04-18 18:28:19.310124, None, None,  21.625, None,  21.812, None, 
2025-04-18 18:29:20.910124, None, None,  21.687, None,  21.812, None, 
2025-04-18 18:30:22.510123, None, None,  21.687, None,  21.812, None, 
2025-04-18 18:31:24.110135, None, None,  21.687, None,  21.875, None, 
2025-04-18 18:32:25.710128, None, None,  21.687, None,  21.937, None, 
2025-04-18 18:33:27.310133, None, None,  21.687, None,  21.937, None, 
2025-04-18 18:34:28.910127, None, None,  21.75, None,  22.0, None, 
2025-04-18 18:35:30.510129, None, None,  21.75, None,  22.062, None, 
2025-04-18 18:36:32.110107, None, None,  21.75, None,  22.125, None, 
2025-04-18 18:37:33.710111, None, None,  21.75, None,  22.125, None, 
2025-04-18 18:38:35.310125, None, None,  21.75, None,  22.062, None, 
2025-04-18 18:39:36.910128, None, None,  21.75, None,  22.062, None, 
2025-04-18 18:40:38.542157, None, None,  21.75, None,  22.0, None, 
2025-04-18 18:41:40.142169, None, None,  21.687, None,  22.0, None, 
2025-04-18 18:42:41.798173, None, None,  21.687, None,  21.937, None, 
2025-04-18 18:43:43.406147, None, None,  21.687, None,  21.937, None, 
2025-04-18 18:44:45.006118, None, None,  21.687, None,  21.937, None, 
2025-04-18 18:45:46.606091, None, None,  21.687, None,  21.937, None, 
2025-04-18 18:46:48.206086, None, None,  21.625, None,  21.937, None, 
2025-04-18 18:47:49.806070, None, None,  21.625, None,  21.937, None, 
2025-04-18 18:48:51.406097, None, None,  21.625, None,  21.937, None, 
2025-04-18 18:49:53.006132, None, None,  21.625, None,  21.937, None, 
2025-04-18 18:50:54.606072, None, None,  21.625, None,  22.0, None, 
2025-04-18 18:51:56.206061, None, None,  21.625, None,  22.0, None, 
2025-04-18 18:52:57.806089, None, None,  21.625, None,  22.062, None, 
2025-04-18 18:53:59.406077, None, None,  21.687, None,  22.062, None, 
2025-04-18 18:55:01.006113, None, None,  21.687, None,  22.125, None, 
2025-04-18 18:56:02.606084, None, None,  21.625, None,  22.062, None, 
2025-04-18 18:57:04.206093, None, None,  21.562, None,  21.937, None, 
2025-04-18 18:58:05.806150, None, None,  21.5, None,  21.812, None, 
2025-04-18 18:59:07.406124, None, None,  21.562, None,  21.875, None, 
2025-04-18 19:00:09.006120, None, None,  21.5, None,  21.812, None, 
2025-04-18 19:01:10.606115, None, None,  21.5, None,  21.875, None, 
2025-04-18 19:02:12.206118, None, None,  21.5, None,  21.812, None, 
2025-04-18 19:03:13.806107, None, None,  21.5, None,  21.812, None, 
2025-04-18 19:04:15.406113, None, None,  21.437, None,  21.75, None, 
2025-04-18 19:05:17.006131, None, None,  21.437, None,  21.687, None, 
2025-04-18 19:06:18.606124, None, None,  21.437, None,  21.687, None, 
2025-04-18 19:07:20.206095, None, None,  21.437, None,  21.75, None, 
2025-04-18 19:08:21.806105, None, None,  21.5, None,  21.875, None, 
2025-04-18 19:09:23.406099, None, None,  21.562, None,  21.937, None, 
2025-04-18 19:10:25.006119, None, None,  21.562, None,  22.0, None, 
2025-04-18 19:11:26.606088, None, None,  21.562, None,  22.062, None, 
2025-04-18 19:12:28.206149, None, None,  21.562, None,  21.937, None, 
2025-04-18 19:13:29.806117, None, None,  21.562, None,  21.937, None, 
2025-04-18 19:14:31.406110, None, None,  21.5, None,  21.937, None, 
2025-04-18 19:15:33.006131, None, None,  21.5, None,  21.875, None, 
2025-04-18 19:16:34.606110, None, None,  21.437, None,  21.875, None, 
2025-04-18 19:17:36.206121, None, None,  21.375, None,  21.812, None, 
2025-04-18 19:18:37.806115, None, None,  21.312, None,  21.75, None, 
2025-04-18 19:19:39.406078, None, None,  21.312, None,  21.687, None, 
2025-04-18 19:20:41.006103, None, None,  21.25, None,  21.625, None, 
2025-04-18 19:21:42.606101, None, None,  21.187, None,  21.562, None, 
2025-04-18 19:22:44.206096, None, None,  21.125, None,  21.562, None, 
2025-04-18 19:23:45.806099, None, None,  21.125, None,  21.437, None, 
2025-04-18 19:24:47.406104, None, None,  21.062, None,  21.375, None, 
2025-04-18 19:25:49.006100, None, None,  21.062, None,  21.312, None, 
2025-04-18 19:26:50.606108, None, None,  21.0, None,  21.25, None, 
2025-04-18 19:27:52.206083, None, None,  21.0, None,  21.187, None, 
2025-04-18 19:28:53.806099, None, None,  20.937, None,  21.125, None, 
2025-04-18 19:29:55.406128, None, None,  20.937, None,  21.062, None, 
2025-04-18 19:30:57.006140, None, None,  20.937, None,  21.0, None, 
2025-04-18 19:31:58.606182, None, None,  20.875, None,  20.937, None, 
2025-04-18 19:33:00.206140, None, None,  20.875, None,  20.937, None, 
2025-04-18 19:34:01.806155, None, None,  20.875, None,  20.937, None, 
2025-04-18 19:35:03.438144, None, None,  20.812, None,  20.937, None, 
2025-04-18 19:36:05.038148, None, None,  20.812, None,  20.937, None, 
2025-04-18 19:37:06.638107, None, None,  20.812, None,  20.875, None, 
2025-04-18 19:38:08.238099, None, None,  20.75, None,  20.875, None, 
2025-04-18 19:39:09.838117, None, None,  20.75, None,  20.812, None, 
2025-04-18 19:40:11.438107, None, None,  20.687, None,  20.75, None, 
2025-04-18 19:41:13.038110, None, None,  20.687, None,  20.75, None, 
2025-04-18 19:42:14.638116, None, None,  20.687, None,  20.75, None, 
2025-04-18 19:43:16.238162, None, None,  20.687, None,  20.75, None, 
2025-04-18 19:44:17.838111, None, None,  20.625, None,  20.687, None, 
2025-04-18 19:45:19.438112, None, None,  20.625, None,  20.75, None, 
2025-04-18 19:46:21.038123, None, None,  20.687, None,  20.687, None, 
2025-04-18 19:47:22.638158, None, None,  20.625, None,  20.687, None, 
2025-04-18 19:48:24.238153, None, None,  20.562, None,  20.687, None, 
2025-04-18 19:49:25.838127, None, None,  20.625, None,  20.687, None, 
2025-04-18 19:50:27.438116, None, None,  20.562, None,  20.625, None, 
2025-04-18 19:51:29.038141, None, None,  20.562, None,  20.562, None, 
2025-04-18 19:52:30.638111, None, None,  20.562, None,  20.562, None, 
2025-04-18 19:53:32.238118, None, None,  20.562, None,  20.562, None, 
2025-04-18 19:54:33.870141, None, None,  20.562, None,  20.562, None, 
2025-04-18 19:55:35.470111, None, None,  20.5, None,  20.562, None, 
2025-04-18 19:56:37.070134, None, None,  20.5, None,  20.562, None, 
2025-04-18 19:57:38.670154, None, None,  20.5, None,  20.5, None, 
2025-04-18 19:58:40.270172, None, None,  20.5, None,  20.562, None, 
2025-04-18 19:59:41.870132, None, None,  20.5, None,  20.5, None, 
2025-04-18 20:00:43.470124, None, None,  20.437, None,  20.5, None, 
2025-04-18 20:01:45.070137, None, None,  20.437, None,  20.437, None, 
2025-04-18 20:02:46.670125, None, None,  20.437, None,  20.5, None, 
2025-04-18 20:03:48.270116, None, None,  20.437, None,  20.437, None, 
2025-04-18 20:04:49.870139, None, None,  20.437, None,  20.437, None, 
2025-04-18 20:05:51.470152, None, None,  20.437, None,  20.375, None, 
2025-04-18 20:06:53.102171, None, None,  20.375, None,  20.375, None, 
2025-04-18 20:07:54.702161, None, None,  20.375, None,  20.375, None, 
2025-04-18 20:08:56.302139, None, None,  20.375, None,  20.437, None, 
2025-04-18 20:09:57.902147, None, None,  20.375, None,  20.375, None, 
2025-04-18 20:10:59.502120, None, None,  20.312, None,  20.375, None, 
2025-04-18 20:12:01.102125, None, None,  20.312, None,  20.375, None, 
2025-04-18 20:13:02.758136, None, None,  20.312, None,  20.375, None, 
2025-04-18 20:14:04.366152, None, None,  20.312, None,  20.375, None, 
2025-04-18 20:15:05.966122, None, None,  20.312, None,  20.375, None, 
2025-04-18 20:16:07.566131, None, None,  20.312, None,  20.312, None, 
2025-04-18 20:17:09.166231, None, None,  20.25, None,  20.312, None, 
2025-04-18 20:18:10.798158, None, None,  20.25, None,  20.312, None, 
2025-04-18 20:19:12.398130, None, None,  20.25, None,  20.312, None, 
2025-04-18 20:20:13.998145, None, None,  20.25, None,  20.312, None, 
2025-04-18 20:21:15.598231, None, None,  20.25, None,  20.312, None, 
2025-04-18 20:22:17.230175, None, None,  20.25, None,  20.25, None, 
2025-04-18 20:23:18.830152, None, None,  20.25, None,  20.25, None, 
2025-04-18 20:24:20.430125, None, None,  20.25, None,  20.25, None, 
2025-04-18 20:25:22.030187, None, None,  20.187, None,  20.25, None, 
2025-04-18 20:26:23.630099, None, None,  20.187, None,  20.187, None, 
2025-04-18 20:27:25.230129, None, None,  20.187, None,  20.187, None, 
2025-04-18 20:28:26.830128, None, None,  20.187, None,  20.187, None, 
2025-04-18 20:29:28.430157, None, None,  20.125, None,  20.187, None, 
2025-04-18 20:30:30.030139, None, None,  20.125, None,  20.187, None, 
2025-04-18 20:31:31.630157, None, None,  20.125, None,  20.187, None, 
2025-04-18 20:32:33.230140, None, None,  20.187, None,  20.187, None, 
2025-04-18 20:33:34.830156, None, None,  20.125, None,  20.187, None, 
2025-04-18 20:34:36.430123, None, None,  20.125, None,  20.125, None, 
2025-04-18 20:35:38.030145, None, None,  20.125, None,  20.187, None, 
2025-04-18 20:36:39.630119, None, None,  20.125, None,  20.125, None, 
2025-04-18 20:37:41.230125, None, None,  20.125, None,  20.125, None, 
2025-04-18 20:38:42.830124, None, None,  20.062, None,  20.125, None, 
2025-04-18 20:39:44.430113, None, None,  20.062, None,  20.125, None, 
2025-04-18 20:40:46.030096, None, None,  20.062, None,  20.125, None, 
2025-04-18 20:41:47.630116, None, None,  20.062, None,  20.125, None, 
2025-04-18 20:42:49.230113, None, None,  20.062, None,  20.125, None, 
2025-04-18 20:43:50.830109, None, None,  20.062, None,  20.062, None, 
2025-04-18 20:44:52.430122, None, None,  20.0, None,  20.062, None, 
2025-04-18 20:45:54.030107, None, None,  20.062, None,  20.062, None, 
2025-04-18 20:46:55.630107, None, None,  20.062, None,  20.062, None, 
2025-04-18 20:47:57.230119, None, None,  20.062, None,  20.062, None, 
2025-04-18 20:48:58.830130, None, None,  20.0, None,  20.062, None, 
2025-04-18 20:50:00.430122, None, None,  20.0, None,  20.062, None, 
2025-04-18 20:51:02.030128, None, None,  20.0, None,  20.062, None, 
2025-04-18 20:52:03.630136, None, None,  20.0, None,  20.0, None, 
2025-04-18 20:53:05.230134, None, None,  19.937, None,  20.0, None, 
2025-04-18 20:54:06.830110, None, None,  20.0, None,  20.0, None, 
2025-04-18 20:55:08.430125, None, None,  20.0, None,  20.0, None, 
2025-04-18 20:56:10.030126, None, None,  19.937, None,  20.0, None, 
2025-04-18 20:57:11.630145, None, None,  19.937, None,  20.0, None, 
2025-04-18 20:58:13.230151, None, None,  19.937, None,  20.0, None, 
2025-04-18 20:59:14.830139, None, None,  19.937, None,  20.0, None, 
2025-04-18 21:00:16.430157, None, None,  19.937, None,  20.0, None, 
2025-04-18 21:01:18.030139, None, None,  19.937, None,  19.937, None, 
2025-04-18 21:02:19.630143, None, None,  19.937, None,  19.937, None, 
2025-04-18 21:03:21.230131, None, None,  19.875, None,  19.937, None, 
2025-04-18 21:04:22.830130, None, None,  19.875, None,  19.937, None, 
2025-04-18 21:05:24.430137, None, None,  19.875, None,  19.875, None, 
2025-04-18 21:06:26.030141, None, None,  19.875, None,  19.875, None, 
2025-04-18 21:07:27.630127, None, None,  19.875, None,  19.875, None, 
2025-04-18 21:08:29.230137, None, None,  19.875, None,  19.875, None, 
2025-04-18 21:09:30.830129, None, None,  19.812, None,  19.875, None, 
2025-04-18 21:10:32.430150, None, None,  19.812, None,  19.875, None, 
2025-04-18 21:11:34.030159, None, None,  19.812, None,  19.875, None, 
2025-04-18 21:12:35.630143, None, None,  19.812, None,  19.875, None, 
2025-04-18 21:13:37.230151, None, None,  19.812, None,  19.875, None, 
2025-04-18 21:14:38.830151, None, None,  19.812, None,  19.812, None, 
2025-04-18 21:15:40.430145, None, None,  19.812, None,  19.875, None, 
2025-04-18 21:16:42.030167, None, None,  19.812, None,  19.812, None, 
2025-04-18 21:17:43.630111, None, None,  19.812, None,  19.812, None, 
2025-04-18 21:18:45.230134, None, None,  19.812, None,  19.812, None, 
2025-04-18 21:19:46.830138, None, None,  19.812, None,  19.812, None, 
2025-04-18 21:20:48.430113, None, None,  19.812, None,  19.812, None, 
2025-04-18 21:21:50.030117, None, None,  19.812, None,  19.812, None, 
2025-04-18 21:22:51.630118, None, None,  19.75, None,  19.812, None, 
2025-04-18 21:23:53.230136, None, None,  19.75, None,  19.812, None, 
2025-04-18 21:24:54.830119, None, None,  19.75, None,  19.75, None, 
2025-04-18 21:25:56.430134, None, None,  19.75, None,  19.75, None, 
2025-04-18 21:26:58.030159, None, None,  19.75, None,  19.75, None, 
2025-04-18 21:27:59.630115, None, None,  19.75, None,  19.75, None, 
2025-04-18 21:29:01.230110, None, None,  19.75, None,  19.75, None, 
2025-04-18 21:30:02.830144, None, None,  19.75, None,  19.75, None, 
2025-04-18 21:31:04.430148, None, None,  19.75, None,  19.75, None, 
2025-04-18 21:32:06.030696, None, None,  19.75, None,  19.75, None, 
2025-04-18 21:33:07.630121, None, None,  19.687, None,  19.687, None, 
2025-04-18 21:34:09.230146, None, None,  19.687, None,  19.75, None, 
2025-04-18 21:35:10.830152, None, None,  19.687, None,  19.75, None, 
2025-04-18 21:36:12.430118, None, None,  19.687, None,  19.75, None, 
                                                                      
2025-04-18 21:46:53.711895, None,  6.312,  19.875, None,  20.0, None, 
2025-04-18 21:50:31.267148, None,  20.437,  19.875, None,  20.0,  19.125, 
2025-04-18 21:52:07.986951,  22.062,  20.375,  19.937, None,  20.0,  18.812, 
2025-04-18 21:54:13.978346,  21.812,  20.312,  19.937,  20.375,  20.0,  18.75, 
2025-04-18 21:54:44.587796,  21.75,  20.312,  19.875,  20.187,  20.0,  18.687, 
2025-04-18 21:55:49.396572,  21.625,  20.25,  19.875,  19.937,  20.0,  18.625, 
2025-04-18 21:56:54.388450,  21.437,  20.25,  19.875,  19.75,  19.937,  18.562, 
2025-04-18 21:57:59.444555,  21.375,  20.187,  19.875,  19.625,  19.937,  18.5, 
2025-04-18 21:59:04.500560,  21.312,  20.187,  19.812,  19.562,  19.875,  18.437, 
2025-04-18 22:00:09.556574,  21.25,  20.125,  19.812,  19.5,  19.875,  18.375, 
2025-04-18 22:01:14.612741,  21.187,  20.062,  19.812,  19.5,  19.875,  18.375, 
2025-04-18 22:02:19.700567,  21.125,  20.062,  19.75,  19.437,  19.812,  18.312, 
2025-04-18 22:03:24.756505,  21.125,  20.0,  19.75,  19.375,  19.812,  18.312, 
2025-04-18 22:04:29.812522,  21.125,  20.0,  19.687,  19.375,  19.75,  18.25, 
2025-04-18 22:05:34.868540,  21.125,  20.0,  19.75,  19.312,  19.75,  18.25, 
2025-04-18 22:06:39.924513,  21.062,  20.0,  19.687,  19.312,  19.75,  18.25, 
2025-04-18 22:07:44.980520,  21.062,  19.937,  19.687,  19.312,  19.75,  18.25, 
2025-04-18 22:08:50.036545,  21.062,  20.0,  19.687,  19.312,  19.75,  18.187, 
2025-04-18 22:09:55.061124,  21.0,  19.937,  19.687,  19.312,  19.687,  18.187, 
2025-04-18 22:11:00.120524,  21.0,  19.937,  19.625,  19.312,  19.687,  18.187, 
2025-04-18 22:12:05.204562,  21.0,  19.937,  19.687,  19.312,  19.687,  18.187, 
2025-04-18 22:13:10.260541,  21.0,  19.937,  19.625,  19.25,  19.687,  18.187, 
2025-04-18 22:14:15.316511,  21.0,  19.937,  19.687,  19.312,  19.687,  18.187, 
2025-04-18 22:15:20.372559,  21.0,  19.937,  19.625,  19.25,  19.687,  18.187, 
2025-04-18 22:16:25.428536,  21.0,  19.875,  19.625,  19.25,  19.687,  18.187, 
2025-04-18 22:17:30.516542,  21.0,  19.937,  19.625,  19.25,  19.687,  18.187, 
2025-04-18 22:18:35.572567,  20.937,  19.875,  19.625,  19.25,  19.687,  18.187, 
2025-04-18 22:19:40.628574,  21.0,  19.875,  19.562,  19.187,  19.687,  18.125, 
2025-04-18 22:20:45.652567,  20.937,  19.875,  19.625,  19.187,  19.687,  18.125, 
2025-04-18 22:21:50.708551,  20.937,  19.875,  19.562,  19.187,  19.625,  18.125, 
2025-04-18 22:22:55.764492,  20.937,  19.875,  19.562,  19.187,  19.625,  18.125, 
2025-04-18 22:24:00.820560,  20.937,  19.875,  19.562,  19.187,  19.625,  18.125, 
2025-04-18 22:25:05.876514,  20.937,  19.812,  19.562,  19.187,  19.625,  18.125, 
2025-04-18 22:26:10.932578,  20.937,  19.875,  19.562,  19.187,  19.625,  18.062, 
2025-04-18 22:27:15.956520,  20.875,  19.875,  19.562,  19.187,  19.625,  18.125, 
2025-04-18 22:28:21.036566,  20.875,  19.875,  19.562,  19.187,  19.625,  18.125, 
2025-04-18 22:29:26.132537,  20.875,  19.812,  19.562,  19.125,  19.625,  18.062, 
2025-04-18 22:30:31.188542,  20.875,  19.812,  19.562,  19.125,  19.625,  18.062, 
2025-04-18 22:31:36.244513,  20.875,  19.812,  19.562,  19.125,  19.562,  18.062, 
2025-04-18 22:32:41.332573,  20.875,  19.812,  19.562,  19.125,  19.625,  18.062, 
2025-04-18 22:33:46.388556,  20.875,  19.812,  19.562,  19.125,  19.562,  18.062, 
2025-04-18 22:34:51.476564,  20.875,  19.812,  19.562,  19.125,  19.562,  18.062, 
2025-04-18 22:35:56.533123,  20.875,  19.812,  19.562,  19.125,  19.562,  18.062, 
2025-04-18 22:37:01.588553,  20.875,  19.812,  19.562,  19.125,  19.562,  18.062, 
2025-04-18 22:38:06.644505,  20.875,  19.812,  19.5,  19.062,  19.562,  18.062, 
2025-04-18 22:39:11.700530,  20.875,  19.812,  19.5,  19.125,  19.562,  18.062, 
2025-04-18 22:40:16.788557,  20.875,  19.812,  19.5,  19.062,  19.562,  18.0, 
2025-04-18 22:41:21.844555,  20.812,  19.812,  19.5,  19.125,  19.562,  18.062, 
2025-04-18 22:42:26.868552,  20.812,  19.812,  19.5,  19.125,  19.562,  18.062, 
2025-04-18 22:43:31.924522,  20.812,  19.812,  19.5,  19.125,  19.562,  18.0, 
2025-04-18 22:44:36.980520,  20.812,  19.812,  19.5,  19.125,  19.562,  18.062, 
2025-04-18 22:45:42.036521,  20.812,  19.812,  19.5,  19.125,  19.562,  18.062, 
2025-04-18 22:46:47.092538,  20.812,  19.75,  19.5,  19.062,  19.5,  18.0, 
2025-04-18 22:47:52.181064,  20.812,  19.812,  19.5,  19.125,  19.562,  18.062, 
2025-04-18 22:48:57.172543,  20.812,  19.812,  19.562,  19.125,  19.562,  18.062, 
2025-04-18 22:50:02.228560,  20.812,  19.875,  19.562,  19.125,  19.625,  18.062, 
2025-04-18 22:51:07.284522,  20.875,  19.875,  19.625,  19.125,  19.625,  18.125, 
2025-04-18 22:52:12.340533,  20.875,  19.875,  19.625,  19.125,  19.625,  18.125, 
2025-04-18 22:53:17.396563,  20.875,  19.875,  19.625,  19.125,  19.625,  18.125, 
2025-04-18 22:54:22.452492,  20.812,  19.812,  19.562,  19.125,  19.562,  18.062, 
2025-04-18 22:55:27.540514,  20.875,  19.812,  19.562,  19.062,  19.562,  18.062, 
2025-04-18 22:56:32.596524,  20.812,  19.812,  19.5,  19.062,  19.562,  18.062, 
2025-04-18 22:57:37.653118,  20.812,  19.812,  19.5,  19.062,  19.562,  18.0, 
2025-04-18 22:58:42.709131,  20.812,  19.812,  19.5,  19.062,  19.562,  18.0, 
2025-04-18 22:59:47.764548,  20.812,  19.812,  19.5,  19.062,  19.562,  18.0, 
2025-04-18 23:00:52.820563,  20.812,  19.812,  19.5,  19.062,  19.562,  18.062, 
2025-04-18 23:01:57.876517,  20.812,  19.75,  19.5,  19.062,  19.5,  18.0, 
2025-04-18 23:03:02.900572,  20.812,  19.75,  19.5,  19.062,  19.5,  18.0, 
2025-04-18 23:04:07.956556,  20.75,  19.687,  19.5,  19.062,  19.5,  18.0, 
2025-04-18 23:05:12.980505,  20.75,  19.687,  19.5,  19.0,  19.5,  18.0, 
2025-04-18 23:06:18.060540,  20.75,  19.687,  19.5,  19.0,  19.437,  17.937, 
2025-04-18 23:07:23.124570,  20.75,  19.687,  19.437,  19.0,  19.437,  17.937, 
2025-04-18 23:08:28.180543,  20.75,  19.687,  19.437,  19.0,  19.437,  17.937, 
2025-04-18 23:09:33.236549,  20.687,  19.687,  19.437,  19.0,  19.437,  17.937, 
2025-04-18 23:10:38.292572,  20.75,  19.625,  19.437,  18.937,  19.437,  17.875, 
2025-04-18 23:11:43.348515,  20.687,  19.625,  19.437,  19.0,  19.437,  17.937, 
2025-04-18 23:12:48.436524,  20.687,  19.625,  19.437,  18.937,  19.375,  17.875, 
2025-04-18 23:13:53.492506,  20.687,  19.625,  19.375,  18.937,  19.437,  17.875, 
2025-04-18 23:14:58.580488,  20.687,  19.625,  19.437,  18.937,  19.375,  17.875, 
2025-04-18 23:16:03.636512,  20.687,  19.625,  19.375,  18.875,  19.375,  17.875, 
2025-04-18 23:17:08.692570,  20.687,  19.625,  19.375,  18.937,  19.375,  17.875, 
2025-04-18 23:18:13.748583,  20.687,  19.625,  19.375,  18.937,  19.375,  17.875, 
2025-04-18 23:19:18.836526,  20.687,  19.625,  19.375,  18.937,  19.375,  17.875, 
2025-04-18 23:20:23.892514,  20.687,  19.625,  19.375,  18.937,  19.375,  17.875, 
2025-04-18 23:21:28.948557,  20.687,  19.625,  19.375,  18.937,  19.375,  17.875, 
2025-04-18 23:22:34.036476,  20.625,  19.625,  19.375,  18.937,  19.375,  17.812, 
2025-04-18 23:23:39.092530,  20.687,  19.625,  19.375,  18.937,  19.375,  17.875, 
2025-04-18 23:24:44.148540,  20.625,  19.562,  19.375,  18.937,  19.375,  17.812, 
2025-04-18 23:25:49.204523,  20.625,  19.625,  19.375,  18.937,  19.375,  17.812, 
2025-04-18 23:26:54.284527,  20.625,  19.625,  19.375,  18.875,  19.375,  17.812, 
2025-04-18 23:27:59.380555,  20.625,  19.625,  19.375,  18.875,  19.375,  17.812, 
2025-04-18 23:29:04.436534,  20.625,  19.562,  19.312,  18.875,  19.312,  17.812, 
2025-04-18 23:30:09.492696,  20.625,  19.562,  19.312,  18.937,  19.375,  17.812, 
2025-04-18 23:31:14.516560,  20.625,  19.562,  19.312,  18.875,  19.312,  17.812, 
2025-04-18 23:32:19.572499,  20.625,  19.562,  19.312,  18.875,  19.312,  17.812, 
2025-04-18 23:33:24.660518,  20.625,  19.562,  19.312,  18.875,  19.312,  17.812, 
2025-04-18 23:34:29.716562,  20.625,  19.562,  19.312,  18.875,  19.312,  17.812, 
2025-04-18 23:35:34.804528,  20.625,  19.562,  19.312,  18.875,  19.312,  17.812, 
2025-04-18 23:36:39.860536,  20.625,  19.562,  19.312,  18.875,  19.312,  17.812, 
2025-04-18 23:37:44.852509,  20.562,  19.562,  19.312,  18.875,  19.312,  17.812, 
2025-04-18 23:38:49.908541,  20.625,  19.562,  19.312,  18.875,  19.312,  17.75, 
2025-04-18 23:39:54.964536,  20.562,  19.562,  19.312,  18.875,  19.312,  17.812, 
2025-04-18 23:41:00.020606,  20.625,  19.562,  19.312,  18.875,  19.312,  17.812, 
2025-04-18 23:42:05.076561,  20.562,  19.562,  19.312,  18.875,  19.312,  17.812, 
2025-04-18 23:43:10.132497,  20.625,  19.625,  19.312,  18.875,  19.312,  17.812, 
2025-04-18 23:44:15.212601,  20.562,  19.562,  19.312,  18.875,  19.312,  17.812, 
2025-04-18 23:45:20.276559,  20.562,  19.562,  19.312,  18.875,  19.312,  17.812, 
2025-04-18 23:46:25.332541,  20.562,  19.625,  19.312,  18.875,  19.312,  17.812, 
2025-04-18 23:47:30.388536,  20.562,  19.562,  19.312,  18.875,  19.312,  17.812, 
2025-04-18 23:48:35.380534,  20.562,  19.562,  19.312,  18.812,  19.312,  17.812, 
2025-04-18 23:49:40.436521,  20.562,  19.562,  19.312,  18.875,  19.312,  17.812, 
2025-04-18 23:50:45.492522,  20.562,  19.562,  19.312,  18.875,  19.312,  17.812, 
2025-04-18 23:51:50.484553,  20.562,  19.562,  19.312,  18.875,  19.312,  17.75, 
2025-04-18 23:52:55.540508,  20.562,  19.562,  19.312,  18.875,  19.312,  17.812, 
2025-04-18 23:54:00.596555,  20.562,  19.562,  19.312,  18.875,  19.312,  17.812, 
2025-04-18 23:55:05.652517,  20.562,  19.562,  19.25,  18.812,  19.312,  17.812, 
2025-04-18 23:56:10.708570,  20.562,  19.562,  19.25,  18.875,  19.312,  17.75, 
2025-04-18 23:57:15.764519,  20.562,  19.562,  19.25,  18.812,  19.312,  17.812, 
2025-04-18 23:58:20.824544,  20.562,  19.562,  19.25,  18.812,  19.25,  17.75, 
2025-04-18 23:59:25.908783,  20.562,  19.5,  19.25,  18.812,  19.25,  17.75, 
2025-04-19 00:00:30.964516,  20.562,  19.5,  19.25,  18.812,  19.25,  17.75, 
2025-04-19 00:01:36.020528,  20.562,  19.437,  19.187,  18.812,  19.25,  17.75, 
2025-04-19 00:02:41.108559,  20.5,  19.437,  19.25,  18.812,  19.25,  17.687, 
2025-04-19 00:03:46.164570,  20.5,  19.437,  19.25,  18.812,  19.25,  17.687, 
2025-04-19 00:04:51.188533,  20.5,  19.437,  19.187,  18.75,  19.187,  17.687, 
2025-04-19 00:05:56.244675,  20.5,  19.437,  19.187,  18.75,  19.25,  17.687, 
2025-04-19 00:07:01.300529,  20.5,  19.437,  19.187,  18.75,  19.25,  17.687, 
2025-04-19 00:08:06.356542,  20.5,  19.437,  19.187,  18.75,  19.25,  17.687, 
2025-04-19 00:09:11.412554,  20.5,  19.5,  19.187,  18.812,  19.25,  17.75, 
2025-04-19 00:10:16.532570,  20.5,  19.5,  19.187,  18.75,  19.25,  17.687, 
2025-04-19 00:11:21.620575,  20.5,  19.437,  19.25,  18.812,  19.187,  17.687, 
2025-04-19 00:12:26.708548,  20.5,  19.437,  19.187,  18.75,  19.187,  17.687, 
2025-04-19 00:13:31.732531,  20.5,  19.437,  19.187,  18.75,  19.187,  17.687, 
2025-04-19 00:14:36.788541,  20.5,  19.437,  19.187,  18.75,  19.187,  17.687, 
2025-04-19 00:15:41.844540,  20.437,  19.437,  19.187,  18.75,  19.187,  17.687, 
2025-04-19 00:16:46.900551,  20.437,  19.437,  19.187,  18.75,  19.187,  17.687, 
2025-04-19 00:17:51.956532,  20.5,  19.437,  19.187,  18.75,  19.25,  17.687, 
2025-04-19 00:18:57.012528,  20.5,  19.437,  19.187,  18.75,  19.187,  17.687, 
2025-04-19 00:20:02.100593,  20.5,  19.437,  19.187,  18.75,  19.187,  17.687, 
2025-04-19 00:21:07.156537,  20.5,  19.437,  19.187,  18.75,  19.187,  17.687, 
2025-04-19 00:22:12.212503,  20.437,  19.437,  19.187,  18.75,  19.187,  17.687, 
2025-04-19 00:23:17.268561,  20.437,  19.437,  19.187,  18.75,  19.187,  17.687, 
2025-04-19 00:24:22.324510,  20.437,  19.437,  19.187,  18.75,  19.187,  17.687, 
2025-04-19 00:25:27.380533,  20.437,  19.437,  19.187,  18.75,  19.187,  17.687, 
2025-04-19 00:26:32.436522,  20.437,  19.437,  19.187,  18.75,  19.187,  17.687, 
2025-04-19 00:27:37.492543,  20.437,  19.437,  19.187,  18.75,  19.187,  17.625, 
2025-04-19 00:28:42.517173,  20.437,  19.437,  19.187,  18.75,  19.187,  17.625, 
2025-04-19 00:29:47.572572,  20.437,  19.437,  19.187,  18.75,  19.187,  17.687, 
2025-04-19 00:30:52.660499,  20.437,  19.375,  19.125,  18.687,  19.187,  17.625, 
2025-04-19 00:31:57.716535,  20.437,  19.375,  19.125,  18.687,  19.125,  17.625, 
2025-04-19 00:33:02.772549,  20.437,  19.375,  19.125,  18.687,  19.125,  17.625, 
2025-04-19 00:34:07.828579,  20.437,  19.375,  19.125,  18.687,  19.125,  17.625, 
2025-04-19 00:35:12.884487,  20.437,  19.375,  19.125,  18.687,  19.125,  17.625, 
2025-04-19 00:36:17.944519,  20.437,  19.375,  19.125,  18.687,  19.125,  17.625, 
2025-04-19 00:37:23.028549,  20.375,  19.375,  19.125,  18.687,  19.125,  17.562, 
2025-04-19 00:38:28.084555,  20.437,  19.375,  19.125,  18.687,  19.125,  17.625, 
2025-04-19 00:39:33.141103,  20.375,  19.375,  19.125,  18.687,  19.125,  17.625, 
2025-04-19 00:40:38.196470,  20.375,  19.375,  19.125,  18.687,  19.125,  17.625, 
2025-04-19 00:41:43.252486,  20.375,  19.375,  19.125,  18.687,  19.125,  17.562, 
2025-04-19 00:42:48.308500,  20.375,  19.375,  19.125,  18.687,  19.125,  17.625, 
2025-04-19 00:43:53.364558,  20.375,  19.312,  19.125,  18.687,  19.125,  17.625, 
2025-04-19 00:44:58.420502,  20.375,  19.312,  19.125,  18.687,  19.125,  17.562, 
2025-04-19 00:46:03.412530,  20.375,  19.375,  19.125,  18.625,  19.125,  17.562, 
2025-04-19 00:47:08.468573,  20.375,  19.375,  19.125,  18.687,  19.125,  17.625, 
2025-04-19 00:48:13.524556,  20.375,  19.375,  19.125,  18.625,  19.125,  17.562, 
2025-04-19 00:49:18.580463,  20.375,  19.375,  19.125,  18.625,  19.125,  17.625, 
2025-04-19 00:50:23.640551,  20.375,  19.375,  19.125,  18.687,  19.125,  17.625, 
2025-04-19 00:51:28.724542,  20.375,  19.312,  19.125,  18.687,  19.125,  17.562, 
2025-04-19 00:52:33.780535,  20.375,  19.375,  19.125,  18.687,  19.125,  17.562, 
2025-04-19 00:53:38.836508,  20.375,  19.375,  19.125,  18.687,  19.125,  17.625, 
2025-04-19 00:54:43.892518,  20.375,  19.375,  19.125,  18.687,  19.125,  17.625, 
2025-04-19 00:55:48.948483,  20.375,  19.375,  19.125,  18.687,  19.125,  17.562, 
2025-04-19 00:56:54.004504,  20.375,  19.375,  19.125,  18.625,  19.125,  17.562, 
2025-04-19 00:57:59.060527,  20.375,  19.375,  19.125,  18.687,  19.125,  17.562, 
2025-04-19 00:59:04.116501,  20.375,  19.375,  19.125,  18.687,  19.125,  17.625, 
2025-04-19 01:00:09.172534,  20.375,  19.312,  19.125,  18.687,  19.125,  17.562, 
2025-04-19 01:01:14.228523,  20.375,  19.375,  19.062,  18.687,  19.125,  17.562, 
2025-04-19 01:02:19.316515,  20.375,  19.375,  19.125,  18.687,  19.125,  17.562, 
2025-04-19 01:03:24.372488,  20.375,  19.375,  19.062,  18.625,  19.062,  17.562, 
2025-04-19 01:04:29.428555,  20.375,  19.375,  19.125,  18.625,  19.125,  17.625, 
2025-04-19 01:05:34.484550,  20.375,  19.375,  19.125,  18.625,  19.125,  17.625, 
2025-04-19 01:06:39.540537,  20.375,  19.375,  19.125,  18.625,  19.062,  17.562, 
2025-04-19 01:07:44.596545,  20.375,  19.312,  19.062,  18.625,  19.125,  17.562, 
2025-04-19 01:08:49.620581,  20.375,  19.312,  19.062,  18.625,  19.062,  17.562, 
2025-04-19 01:09:54.676534,  20.312,  19.312,  19.062,  18.625,  19.062,  17.562, 
2025-04-19 01:10:59.732544,  20.375,  19.312,  19.125,  18.687,  19.125,  17.562, 
2025-04-19 01:12:04.788606,  20.375,  19.312,  19.062,  18.625,  19.062,  17.562, 
2025-04-19 01:13:09.844512,  20.375,  19.312,  19.062,  18.687,  19.062,  17.562, 
2025-04-19 01:14:14.900495,  20.312,  19.312,  19.062,  18.625,  19.062,  17.562, 
2025-04-19 01:15:19.956512,  20.375,  19.312,  19.062,  18.625,  19.062,  17.562, 
2025-04-19 01:16:25.012499,  20.312,  19.312,  19.062,  18.625,  19.062,  17.562, 
2025-04-19 01:17:30.132531,  20.312,  19.375,  19.062,  18.625,  19.062,  17.562, 
2025-04-19 01:18:35.189189,  20.312,  19.312,  19.062,  18.625,  19.062,  17.562, 
2025-04-19 01:19:40.244545,  20.312,  19.312,  19.062,  18.625,  19.062,  17.562, 
2025-04-19 01:20:45.300498,  20.312,  19.312,  19.062,  18.625,  19.062,  17.562, 
2025-04-19 01:21:50.388544,  20.312,  19.312,  19.062,  18.625,  19.062,  17.562, 
2025-04-19 01:22:55.444520,  20.312,  19.375,  19.062,  18.625,  19.062,  17.562, 
2025-04-19 01:24:00.500508,  20.312,  19.312,  19.062,  18.625,  19.062,  17.562, 
2025-04-19 01:25:05.556518,  20.312,  19.312,  19.062,  18.625,  19.062,  17.562, 
2025-04-19 01:26:10.612553,  20.312,  19.312,  19.062,  18.625,  19.062,  17.562, 
2025-04-19 01:27:15.668780,  20.312,  19.312,  19.062,  18.625,  19.062,  17.562, 
2025-04-19 01:28:20.724528,  20.312,  19.312,  19.062,  18.625,  19.062,  17.562, 
2025-04-19 01:29:25.780575,  20.312,  19.312,  19.062,  18.625,  19.062,  17.562, 
2025-04-19 01:30:30.836503,  20.312,  19.312,  19.062,  18.625,  19.062,  17.562, 
2025-04-19 01:31:35.980457,  20.312,  19.312,  19.062,  18.625,  19.062,  17.562, 
2025-04-19 01:32:41.108516,  20.312,  19.312,  19.062,  18.625,  19.062,  17.562, 
2025-04-19 01:33:46.164521,  20.312,  19.312,  19.062,  18.625,  19.062,  17.562, 
2025-04-19 01:34:51.220525,  20.312,  19.375,  19.062,  18.625,  19.062,  17.562, 
2025-04-19 01:35:56.276556,  20.312,  19.312,  19.062,  18.625,  19.062,  17.562, 
2025-04-19 01:37:01.332483,  20.312,  19.375,  19.062,  18.687,  19.062,  17.562, 
2025-04-19 01:38:06.356506,  20.312,  19.375,  19.062,  18.687,  19.125,  17.625, 
2025-04-19 01:39:11.412564,  20.312,  19.375,  19.062,  18.687,  19.062,  17.562, 
2025-04-19 01:40:16.468509,  20.312,  19.375,  19.125,  18.687,  19.062,  17.625, 
2025-04-19 01:41:21.524496,  20.312,  19.375,  19.125,  18.687,  19.125,  17.625, 
2025-04-19 01:42:26.580515,  20.375,  19.375,  19.062,  18.687,  19.125,  17.562, 
2025-04-19 01:43:31.636516,  20.312,  19.375,  19.062,  18.625,  19.062,  17.562, 
2025-04-19 01:44:36.692535,  20.375,  19.375,  19.062,  18.625,  19.062,  17.562, 
2025-04-19 01:45:41.748589,  20.375,  19.312,  19.062,  18.625,  19.062,  17.562, 
2025-04-19 01:46:46.900519,  20.312,  19.375,  19.062,  18.687,  19.062,  17.562, 
2025-04-19 01:47:52.020506,  20.312,  19.375,  19.062,  18.687,  19.125,  17.562, 
2025-04-19 01:48:57.076517,  20.312,  19.375,  19.125,  18.687,  19.125,  17.625, 
2025-04-19 01:50:02.132513,  20.375,  19.375,  19.125,  18.687,  19.125,  17.625, 
2025-04-19 01:51:07.188507,  20.312,  19.375,  19.125,  18.687,  19.125,  17.562, 
2025-04-19 01:52:12.244642,  20.312,  19.375,  19.125,  18.687,  19.125,  17.562, 
2025-04-19 01:53:17.300561,  20.375,  19.375,  19.125,  18.687,  19.125,  17.625, 
2025-04-19 01:54:22.388521,  20.375,  19.375,  19.125,  18.687,  19.125,  17.625, 
2025-04-19 01:55:27.444527,  20.375,  19.437,  19.125,  18.687,  19.125,  17.625, 
2025-04-19 01:56:32.500576,  20.375,  19.437,  19.125,  18.687,  19.125,  17.625, 
2025-04-19 01:57:37.556598,  20.375,  19.375,  19.125,  18.687,  19.125,  17.625, 
2025-04-19 01:58:42.612511,  20.375,  19.375,  19.125,  18.687,  19.125,  17.625, 
2025-04-19 01:59:47.668509,  20.375,  19.375,  19.125,  18.687,  19.125,  17.562, 
2025-04-19 02:00:52.724509,  20.375,  19.375,  19.125,  18.687,  19.125,  17.625, 
2025-04-19 02:01:57.780528,  20.375,  19.437,  19.125,  18.687,  19.125,  17.625, 
2025-04-19 02:03:02.836565,  20.312,  19.375,  19.125,  18.687,  19.125,  17.625, 
2025-04-19 02:04:07.892502,  20.312,  19.375,  19.125,  18.687,  19.125,  17.625, 
2025-04-19 02:05:12.948501,  20.375,  19.375,  19.125,  18.687,  19.125,  17.625, 
2025-04-19 02:06:18.004554,  20.375,  19.375,  19.125,  18.687,  19.125,  17.625, 
2025-04-19 02:07:23.060544,  20.312,  19.375,  19.125,  18.687,  19.125,  17.625, 
2025-04-19 02:08:28.116522,  20.375,  19.375,  19.125,  18.687,  19.125,  17.625, 
2025-04-19 02:09:33.172529,  20.375,  19.375,  19.125,  18.687,  19.125,  17.562, 
2025-04-19 02:10:38.228577,  20.375,  19.375,  19.125,  18.687,  19.125,  17.625, 
2025-04-19 02:11:43.252501,  20.375,  19.437,  19.125,  18.687,  19.125,  17.625, 
2025-04-19 02:12:48.312540,  20.375,  19.375,  19.125,  18.687,  19.125,  17.562, 
2025-04-19 02:13:53.396564,  20.375,  19.375,  19.125,  18.687,  19.125,  17.625, 
2025-04-19 02:14:58.452520,  20.375,  19.375,  19.125,  18.687,  19.125,  17.625, 
2025-04-19 02:16:03.508494,  20.375,  19.375,  19.125,  18.687,  19.125,  17.625, 
2025-04-19 02:17:08.532566,  20.312,  19.375,  19.125,  18.687,  19.125,  17.625, 
2025-04-19 02:18:13.620521,  20.375,  19.437,  19.125,  18.687,  19.125,  17.625, 
2025-04-19 02:19:18.676523,  20.375,  19.437,  19.125,  18.687,  19.125,  17.625, 
2025-04-19 02:20:23.732595,  20.375,  19.375,  19.125,  18.687,  19.125,  17.625, 
2025-04-19 02:21:28.788544,  20.375,  19.437,  19.125,  18.687,  19.125,  17.625, 
2025-04-19 02:22:33.876478,  20.375,  19.375,  19.125,  18.687,  19.125,  17.625, 
2025-04-19 02:23:38.932574,  20.375,  19.437,  19.125,  18.687,  19.125,  17.625, 
2025-04-19 02:24:43.988530,  20.375,  19.437,  19.125,  18.687,  19.125,  17.625, 
2025-04-19 02:25:48.980519,  20.375,  19.375,  19.125,  18.687,  19.125,  17.562, 
2025-04-19 02:26:54.036639,  20.375,  19.375,  19.125,  18.687,  19.125,  17.625, 
2025-04-19 02:27:59.092549,  20.375,  19.375,  19.125,  18.687,  19.125,  17.562, 
2025-04-19 02:29:04.116548,  20.312,  19.375,  19.125,  18.687,  19.125,  17.625, 
2025-04-19 02:30:09.108550,  20.375,  19.375,  19.125,  18.687,  19.125,  17.562, 
2025-04-19 02:31:14.100555,  20.312,  19.375,  19.125,  18.687,  19.125,  17.625, 
2025-04-19 02:32:19.156536,  20.375,  19.375,  19.125,  18.687,  19.125,  17.625, 
2025-04-19 02:33:24.212524,  20.375,  19.375,  19.125,  18.687,  19.125,  17.562, 
2025-04-19 02:34:29.268560,  20.375,  19.375,  19.125,  18.687,  19.125,  17.625, 
2025-04-19 02:35:34.324542,  20.312,  19.375,  19.062,  18.687,  19.062,  17.562, 
2025-04-19 02:36:39.380544,  20.375,  19.375,  19.125,  18.687,  19.125,  17.562, 
2025-04-19 02:37:44.469105,  20.312,  19.375,  19.125,  18.687,  19.125,  17.625, 
2025-04-19 02:38:49.524475,  20.312,  19.375,  19.125,  18.687,  19.062,  17.562, 
2025-04-19 02:39:54.580563,  20.312,  19.375,  19.062,  18.687,  19.062,  17.625, 
2025-04-19 02:40:59.636503,  20.312,  19.312,  19.125,  18.687,  19.062,  17.625, 
2025-04-19 02:42:04.692557,  20.312,  19.312,  19.062,  18.625,  19.062,  17.562, 
2025-04-19 02:43:09.748535,  20.312,  19.312,  19.062,  18.625,  19.062,  17.5, 
2025-04-19 02:44:14.804506,  20.312,  19.312,  19.062,  18.625,  19.062,  17.562, 
2025-04-19 02:45:19.860554,  20.312,  19.312,  19.062,  18.625,  19.062,  17.562, 
2025-04-19 02:46:24.916535,  20.312,  19.25,  19.0,  18.625,  19.062,  17.5, 
2025-04-19 02:47:29.972503,  20.312,  19.312,  19.062,  18.625,  19.062,  17.562, 
2025-04-19 02:48:34.996552,  20.312,  19.312,  19.062,  18.625,  19.062,  17.562, 
2025-04-19 02:49:40.052517,  20.312,  19.25,  19.062,  18.625,  19.0,  17.5, 
2025-04-19 02:50:45.108512,  20.312,  19.25,  19.062,  18.562,  19.062,  17.5, 
2025-04-19 02:51:50.164554,  20.312,  19.25,  19.062,  18.562,  19.0,  17.5, 
2025-04-19 02:52:55.252517,  20.312,  19.25,  19.062,  18.562,  19.0,  17.5, 
2025-04-19 02:54:00.308489,  20.25,  19.25,  19.062,  18.562,  19.0,  17.5, 
2025-04-19 02:55:05.364554,  20.312,  19.25,  19.0,  18.562,  19.0,  17.5, 
2025-04-19 02:56:10.420807,  20.25,  19.25,  19.062,  18.562,  19.0,  17.5, 
2025-04-19 02:57:15.476505,  20.25,  19.25,  19.0,  18.562,  19.0,  17.5, 
2025-04-19 02:58:20.468507,  20.312,  19.25,  19.062,  18.562,  19.0,  17.5, 
2025-04-19 02:59:25.524557,  20.25,  19.25,  19.0,  18.562,  19.0,  17.5, 
2025-04-19 03:00:30.580503,  20.25,  19.25,  19.062,  18.562,  19.0,  17.5, 
2025-04-19 03:01:35.636557,  20.25,  19.25,  19.0,  18.562,  19.0,  17.5, 
2025-04-19 03:02:40.628562,  20.25,  19.25,  19.0,  18.562,  19.0,  17.5, 
2025-04-19 03:03:45.684509,  20.25,  19.25,  19.0,  18.562,  19.0,  17.5, 
2025-04-19 03:04:50.740539,  20.25,  19.25,  19.0,  18.562,  19.0,  17.5, 
2025-04-19 03:05:55.803617,  20.25,  19.187,  19.0,  18.562,  19.0,  17.437, 
2025-04-19 03:07:00.884509,  20.25,  19.25,  19.0,  18.5,  19.0,  17.5, 
2025-04-19 03:08:05.940538,  20.25,  19.25,  19.0,  18.562,  19.0,  17.5, 
2025-04-19 03:09:10.996561,  20.25,  19.25,  19.0,  18.562,  19.0,  17.5, 
2025-04-19 03:10:16.052510,  20.25,  19.25,  19.0,  18.562,  19.0,  17.5, 
2025-04-19 03:11:21.108510,  20.25,  19.25,  19.0,  18.562,  19.0,  17.5, 
2025-04-19 03:12:26.100539,  20.25,  19.25,  19.0,  18.562,  19.0,  17.437, 
2025-04-19 03:13:31.092551,  20.25,  19.25,  19.0,  18.562,  19.0,  17.5, 
2025-04-19 03:14:36.116512,  20.25,  19.25,  19.0,  18.562,  19.0,  17.437, 
2025-04-19 03:15:41.172516,  20.25,  19.25,  19.0,  18.562,  19.0,  17.5, 
2025-04-19 03:16:46.164539,  20.25,  19.25,  19.0,  18.562,  19.0,  17.5, 
2025-04-19 03:17:51.220512,  20.25,  19.25,  18.937,  18.562,  19.0,  17.437, 
2025-04-19 03:18:56.276486,  20.25,  19.187,  19.0,  18.562,  19.0,  17.437, 
2025-04-19 03:20:01.268543,  20.25,  19.187,  19.0,  18.5,  19.0,  17.5, 
2025-04-19 03:21:06.356505,  20.25,  19.25,  19.0,  18.5,  19.0,  17.437, 
2025-04-19 03:22:11.412535,  20.25,  19.25,  19.0,  18.5,  19.0,  17.5, 
2025-04-19 03:23:16.500569,  20.187,  19.187,  19.0,  18.5,  18.937,  17.437, 
2025-04-19 03:24:21.556781,  20.187,  19.25,  18.937,  18.5,  19.0,  17.437, 
2025-04-19 03:25:26.612526,  20.187,  19.187,  18.937,  18.5,  18.937,  17.437, 
2025-04-19 03:26:31.700547,  20.25,  19.187,  18.937,  18.5,  18.937,  17.437, 
2025-04-19 03:27:36.756503,  20.187,  19.187,  18.937,  18.5,  18.937,  17.437, 
2025-04-19 03:28:41.748528,  20.25,  19.187,  18.937,  18.5,  18.937,  17.437, 
2025-04-19 03:29:46.740537,  20.187,  19.187,  19.0,  18.5,  18.937,  17.437, 
2025-04-19 03:30:51.796521,  20.187,  19.187,  18.937,  18.5,  18.937,  17.437, 
2025-04-19 03:31:56.852504,  20.187,  19.187,  19.0,  18.5,  18.937,  17.437, 
2025-04-19 03:33:01.908509,  20.25,  19.25,  18.937,  18.5,  18.937,  17.437, 
2025-04-19 03:34:06.964573,  20.187,  19.187,  18.937,  18.5,  18.937,  17.437, 
2025-04-19 03:35:12.020506,  20.187,  19.187,  18.937,  18.5,  18.937,  17.437, 
2025-04-19 03:36:17.044528,  20.187,  19.187,  18.937,  18.5,  18.937,  17.437, 
2025-04-19 03:37:22.100568,  20.187,  19.187,  18.937,  18.5,  18.937,  17.437, 
2025-04-19 03:38:27.156528,  20.187,  19.187,  18.937,  18.5,  18.937,  17.437, 
2025-04-19 03:39:32.212491,  20.187,  19.25,  18.937,  18.5,  18.937,  17.437, 
2025-04-19 03:40:37.268509,  20.187,  19.187,  18.937,  18.5,  18.937,  17.437, 
2025-04-19 03:41:42.324570,  20.25,  19.25,  18.937,  18.562,  18.937,  17.5, 
2025-04-19 03:42:47.412459,  20.187,  19.25,  19.0,  18.5,  18.937,  17.5, 
2025-04-19 03:43:52.405434,  20.25,  19.25,  19.0,  18.562,  19.0,  17.437, 
2025-04-19 03:44:57.461109,  20.25,  19.25,  19.0,  18.562,  19.0,  17.5, 
2025-04-19 03:46:02.516525,  20.25,  19.25,  19.0,  18.562,  19.0,  17.5, 
2025-04-19 03:47:07.572531,  20.25,  19.312,  19.0,  18.562,  19.0,  17.5, 
2025-04-19 03:48:12.628532,  20.25,  19.312,  19.0,  18.562,  19.0,  17.5, 
2025-04-19 03:49:17.684528,  20.25,  19.25,  19.0,  18.562,  19.0,  17.5, 
2025-04-19 03:50:22.740512,  20.25,  19.312,  19.0,  18.562,  19.0,  17.5, 
2025-04-19 03:51:27.732565,  20.25,  19.312,  19.062,  18.562,  19.0,  17.5, 
2025-04-19 03:52:32.788546,  20.25,  19.25,  19.0,  18.562,  19.0,  17.5, 
2025-04-19 03:53:37.844475,  20.25,  19.25,  19.0,  18.562,  19.0,  17.5, 
2025-04-19 03:54:42.900559,  20.25,  19.312,  19.0,  18.562,  19.0,  17.5, 
2025-04-19 03:55:47.956563,  20.25,  19.312,  19.062,  18.625,  19.0,  17.5, 
2025-04-19 03:56:53.013083,  20.25,  19.312,  19.062,  18.625,  19.0,  17.5, 
2025-04-19 03:57:58.008783,  20.25,  19.312,  19.062,  18.625,  19.0,  17.562, 
2025-04-19 03:59:03.092551,  20.25,  19.312,  19.062,  18.625,  19.0,  17.5, 
2025-04-19 04:00:08.148513,  20.25,  19.312,  19.062,  18.625,  19.0,  17.5, 
2025-04-19 04:01:13.140526,  20.25,  19.312,  19.062,  18.562,  19.062,  17.562, 
2025-04-19 04:02:18.196576,  20.25,  19.312,  19.062,  18.625,  19.062,  17.562, 
2025-04-19 04:03:23.252551,  20.25,  19.312,  19.062,  18.625,  19.062,  17.5, 
2025-04-19 04:04:28.308569,  20.312,  19.25,  19.062,  18.625,  19.062,  17.5, 
2025-04-19 04:05:33.364671,  20.25,  19.312,  19.062,  18.625,  19.062,  17.5, 
2025-04-19 04:06:38.420527,  20.312,  19.312,  19.062,  18.625,  19.062,  17.5, 
2025-04-19 04:07:43.476533,  20.312,  19.312,  19.062,  18.562,  19.0,  17.5, 
2025-04-19 04:08:48.468564,  20.312,  19.312,  19.062,  18.625,  19.062,  17.562, 
2025-04-19 04:09:53.524574,  20.312,  19.312,  19.062,  18.625,  19.0,  17.562, 
2025-04-19 04:10:58.580513,  20.312,  19.312,  19.062,  18.625,  19.062,  17.562, 
2025-04-19 04:12:03.604552,  20.25,  19.312,  19.062,  18.625,  19.062,  17.5, 
2025-04-19 04:13:08.661146,  20.312,  19.312,  19.062,  18.625,  19.062,  17.5, 
2025-04-19 04:14:13.716496,  20.25,  19.312,  19.062,  18.625,  19.062,  17.562, 
2025-04-19 04:15:18.772495,  20.312,  19.312,  19.062,  18.625,  19.062,  17.562, 
2025-04-19 04:16:23.764559,  20.312,  19.312,  19.062,  18.625,  19.062,  17.562, 
2025-04-19 04:17:28.820502,  20.312,  19.375,  19.125,  18.687,  19.062,  17.562, 
2025-04-19 04:18:33.876579,  20.312,  19.375,  19.125,  18.687,  19.125,  17.562, 
2025-04-19 04:19:38.932639,  20.312,  19.437,  19.187,  18.687,  19.125,  17.625, 
2025-04-19 04:20:43.988564,  20.375,  19.5,  19.187,  18.75,  19.187,  17.687, 
2025-04-19 04:21:49.044568,  20.375,  19.562,  19.25,  18.812,  19.187,  17.687, 
2025-04-19 04:22:54.132623,  20.375,  19.562,  19.25,  18.812,  19.187,  17.75, 
2025-04-19 04:23:59.188518,  20.437,  19.625,  19.312,  18.812,  19.25,  17.75, 
2025-04-19 04:25:04.244492,  20.437,  19.625,  19.312,  18.812,  19.25,  17.812, 
2025-04-19 04:26:09.300515,  20.437,  19.625,  19.312,  18.875,  19.25,  17.812, 
2025-04-19 04:27:14.357190,  20.437,  19.625,  19.312,  18.875,  19.25,  17.812, 
2025-04-19 04:28:19.381097,  20.5,  19.625,  19.312,  18.875,  19.312,  17.812, 
2025-04-19 04:29:24.444586,  20.5,  19.687,  19.312,  18.875,  19.312,  17.812, 
2025-04-19 04:30:29.524572,  20.5,  19.687,  19.312,  18.937,  19.312,  17.875, 
2025-04-19 04:31:34.580536,  20.5,  19.687,  19.375,  18.937,  19.312,  17.875, 
2025-04-19 04:32:39.636508,  20.562,  19.687,  19.375,  18.937,  19.312,  17.875, 
2025-04-19 04:33:44.692493,  20.562,  19.75,  19.375,  18.937,  19.375,  17.875, 
2025-04-19 04:34:49.748519,  20.562,  19.75,  19.375,  19.0,  19.375,  17.875, 
2025-04-19 04:35:54.804501,  20.562,  19.75,  19.375,  18.937,  19.375,  17.875, 
2025-04-19 04:36:59.860510,  20.562,  19.75,  19.375,  19.0,  19.375,  17.937, 
2025-04-19 04:38:04.916530,  20.562,  19.75,  19.375,  19.0,  19.375,  17.937, 
2025-04-19 04:39:09.972553,  20.625,  19.75,  19.437,  19.0,  19.375,  17.875, 
2025-04-19 04:40:14.964578,  20.562,  19.75,  19.437,  19.0,  19.437,  17.937, 
2025-04-19 04:41:20.020529,  20.625,  19.75,  19.437,  19.0,  19.437,  17.937, 
2025-04-19 04:42:25.076491,  20.625,  19.75,  19.437,  19.0,  19.437,  17.937, 
2025-04-19 04:43:30.069115,  20.625,  19.812,  19.437,  19.062,  19.437,  17.937, 
2025-04-19 04:44:35.124584,  20.625,  19.812,  19.437,  19.062,  19.437,  17.937, 
2025-04-19 04:45:40.180517,  20.625,  19.812,  19.437,  19.062,  19.437,  17.937, 
2025-04-19 04:46:45.236508,  20.625,  19.812,  19.437,  19.062,  19.437,  17.937, 
2025-04-19 04:47:50.228583,  20.625,  19.812,  19.437,  19.062,  19.437,  17.937, 
2025-04-19 04:48:55.284514,  20.687,  19.812,  19.5,  19.062,  19.437,  18.0, 
2025-04-19 04:50:00.340497,  20.625,  19.812,  19.437,  19.062,  19.5,  18.0, 
2025-04-19 04:51:05.396529,  20.687,  19.812,  19.5,  19.062,  19.5,  18.0, 
2025-04-19 04:52:10.452513,  20.687,  19.812,  19.5,  19.125,  19.5,  18.0, 
2025-04-19 04:53:15.508572,  20.687,  19.875,  19.5,  19.125,  19.5,  18.0, 
2025-04-19 04:54:20.564556,  20.687,  19.812,  19.5,  19.125,  19.5,  18.0, 
2025-04-19 04:55:25.652508,  20.687,  19.875,  19.5,  19.125,  19.5,  18.0, 
2025-04-19 04:56:30.708510,  20.687,  19.875,  19.5,  19.125,  19.5,  18.0, 
2025-04-19 04:57:35.764471,  20.687,  19.875,  19.5,  19.125,  19.5,  18.062, 
2025-04-19 04:58:40.820507,  20.75,  19.875,  19.5,  19.125,  19.5,  18.062, 
2025-04-19 04:59:45.876473,  20.75,  19.875,  19.5,  19.125,  19.5,  18.062, 
2025-04-19 05:00:50.932507,  20.75,  19.875,  19.5,  19.187,  19.562,  18.062, 
2025-04-19 05:01:55.988481,  20.75,  19.875,  19.5,  19.187,  19.5,  18.062, 
2025-04-19 05:03:01.044516,  20.75,  19.937,  19.5,  19.187,  19.562,  18.062, 
2025-04-19 05:04:06.036515,  20.75,  19.875,  19.5,  19.187,  19.562,  18.062, 
2025-04-19 05:05:11.092555,  20.75,  19.937,  19.5,  19.187,  19.562,  18.062, 
2025-04-19 05:06:16.148523,  20.75,  19.937,  19.562,  19.187,  19.562,  18.125, 
2025-04-19 05:07:21.204507,  20.812,  19.937,  19.562,  19.187,  19.562,  18.062, 
2025-04-19 05:08:26.260509,  20.812,  19.937,  19.562,  19.187,  19.562,  18.125, 
2025-04-19 05:09:31.348512,  20.812,  19.937,  19.562,  19.187,  19.562,  18.125, 
2025-04-19 05:10:36.404480,  20.812,  19.937,  19.562,  19.25,  19.625,  18.125, 
2025-04-19 05:11:41.460552,  20.812,  19.937,  19.562,  19.25,  19.625,  18.125, 
2025-04-19 05:12:46.516479,  20.812,  20.0,  19.562,  19.25,  19.625,  18.125, 
2025-04-19 05:13:51.572492,  20.812,  19.937,  19.562,  19.25,  19.625,  18.125, 
2025-04-19 05:14:56.660557,  20.812,  20.0,  19.562,  19.25,  19.625,  18.125, 
2025-04-19 05:16:01.716561,  20.812,  19.937,  19.562,  19.25,  19.625,  18.125, 
2025-04-19 05:17:06.676474,  20.812,  20.0,  19.625,  19.25,  19.625,  18.125, 
2025-04-19 05:18:11.668653,  20.875,  20.0,  19.625,  19.25,  19.625,  18.125, 
2025-04-19 05:19:16.756573,  20.812,  20.0,  19.625,  19.25,  19.625,  18.125, 
2025-04-19 05:20:21.812790,  20.875,  20.0,  19.625,  19.25,  19.625,  18.187, 
2025-04-19 05:21:26.868472,  20.875,  20.0,  19.625,  19.25,  19.625,  18.187, 
2025-04-19 05:22:31.924589,  20.875,  20.0,  19.625,  19.25,  19.625,  18.187, 
2025-04-19 05:23:36.980522,  20.875,  20.0,  19.625,  19.312,  19.625,  18.187, 
2025-04-19 05:24:41.972513,  20.875,  20.0,  19.625,  19.25,  19.625,  18.187, 
2025-04-19 05:25:47.028505,  20.875,  20.0,  19.625,  19.25,  19.625,  18.187, 
2025-04-19 05:26:52.020510,  20.875,  20.0,  19.625,  19.25,  19.625,  18.187, 
2025-04-19 05:27:57.076506,  20.875,  20.0,  19.625,  19.312,  19.687,  18.187, 
2025-04-19 05:29:02.132601,  20.875,  20.062,  19.625,  19.25,  19.687,  18.187, 
2025-04-19 05:30:07.188535,  20.875,  20.0,  19.625,  19.312,  19.687,  18.187, 
2025-04-19 05:31:12.244504,  20.875,  20.0,  19.625,  19.25,  19.687,  18.187, 
2025-04-19 05:32:17.236507,  20.875,  20.0,  19.625,  19.312,  19.687,  18.187, 
2025-04-19 05:33:22.324534,  20.875,  20.062,  19.625,  19.312,  19.687,  18.25, 
2025-04-19 05:34:27.380468,  20.875,  20.0,  19.687,  19.312,  19.687,  18.25, 
2025-04-19 05:35:32.436488,  20.875,  20.062,  19.687,  19.312,  19.687,  18.187, 
2025-04-19 05:36:37.492557,  20.875,  20.0,  19.687,  19.312,  19.687,  18.187, 
2025-04-19 05:37:42.548566,  20.875,  20.062,  19.687,  19.312,  19.687,  18.25, 
2025-04-19 05:38:47.540537,  20.937,  20.0,  19.687,  19.312,  19.687,  18.25, 
2025-04-19 05:39:52.596558,  20.875,  20.062,  19.687,  19.312,  19.687,  18.25, 
2025-04-19 05:40:57.652520,  20.937,  20.0,  19.687,  19.312,  19.687,  18.25, 
2025-04-19 05:42:02.708527,  20.937,  20.062,  19.687,  19.312,  19.687,  18.25, 
2025-04-19 05:43:07.764504,  20.937,  20.062,  19.687,  19.312,  19.687,  18.25, 
2025-04-19 05:44:12.788558,  20.937,  20.062,  19.687,  19.375,  19.687,  18.25, 
2025-04-19 05:45:17.812544,  20.937,  20.062,  19.687,  19.312,  19.687,  18.25, 
2025-04-19 05:46:22.868515,  20.937,  20.062,  19.687,  19.312,  19.687,  18.25, 
2025-04-19 05:47:27.924560,  20.937,  20.062,  19.687,  19.375,  19.75,  18.25, 
2025-04-19 05:48:32.980531,  20.937,  20.062,  19.687,  19.375,  19.75,  18.312, 
2025-04-19 05:49:38.036524,  20.937,  20.062,  19.687,  19.375,  19.75,  18.25, 
2025-04-19 05:50:43.092562,  20.937,  20.062,  19.687,  19.375,  19.75,  18.25, 
2025-04-19 05:51:48.148524,  20.937,  20.062,  19.687,  19.375,  19.75,  18.25, 
2025-04-19 05:52:53.172517,  21.0,  20.125,  19.687,  19.375,  19.75,  18.312, 
2025-04-19 05:53:58.228581,  21.0,  20.062,  19.75,  19.375,  19.75,  18.25, 
2025-04-19 05:55:03.284519,  21.0,  20.125,  19.687,  19.375,  19.75,  18.312, 
2025-04-19 05:56:08.276529,  21.0,  20.125,  19.75,  19.375,  19.75,  18.312, 
2025-04-19 05:57:13.332548,  21.0,  20.125,  19.687,  19.375,  19.75,  18.312, 
2025-04-19 05:58:18.389112,  21.0,  20.125,  19.75,  19.375,  19.75,  18.312, 
2025-04-19 05:59:23.444518,  21.0,  20.125,  19.75,  19.437,  19.75,  18.312, 
2025-04-19 06:00:28.500621,  21.0,  20.125,  19.75,  19.375,  19.75,  18.312, 
2025-04-19 06:01:33.556567,  21.0,  20.125,  19.75,  19.375,  19.75,  18.312, 
2025-04-19 06:02:38.612501,  21.0,  20.125,  19.75,  19.375,  19.75,  18.312, 
2025-04-19 06:03:43.668570,  21.0,  20.125,  19.75,  19.437,  19.75,  18.312, 
2025-04-19 06:04:48.724530,  21.0,  20.125,  19.75,  19.437,  19.812,  18.312, 
2025-04-19 06:05:53.780471,  21.0,  20.125,  19.75,  19.437,  19.812,  18.312, 
2025-04-19 06:06:58.836519,  21.0,  20.125,  19.75,  19.437,  19.812,  18.312, 
2025-04-19 06:08:03.892559,  21.0,  20.125,  19.75,  19.437,  19.812,  18.312, 
2025-04-19 06:09:08.948519,  21.0,  20.125,  19.75,  19.437,  19.812,  18.375, 
2025-04-19 06:10:14.004514,  21.0,  20.125,  19.75,  19.437,  19.812,  18.375, 
2025-04-19 06:11:19.060564,  21.062,  20.187,  19.75,  19.437,  19.812,  18.375, 
2025-04-19 06:12:24.148548,  21.062,  20.187,  19.812,  19.437,  19.812,  18.375, 
2025-04-19 06:13:29.204514,  21.062,  20.125,  19.812,  19.437,  19.812,  18.375, 
2025-04-19 06:14:34.260548,  21.062,  20.187,  19.812,  19.437,  19.812,  18.375, 
2025-04-19 06:15:39.316526,  21.062,  20.187,  19.812,  19.437,  19.812,  18.375, 
2025-04-19 06:16:44.372519,  21.062,  20.187,  19.812,  19.437,  19.812,  18.375, 
2025-04-19 06:17:49.428560,  21.062,  20.187,  19.812,  19.437,  19.812,  18.375, 
2025-04-19 06:18:54.484526,  21.062,  20.187,  19.812,  19.437,  19.875,  18.375, 
2025-04-19 06:19:59.508523,  21.062,  20.187,  19.812,  19.437,  19.812,  18.375, 
2025-04-19 06:21:04.568532,  21.062,  20.187,  19.812,  19.5,  19.812,  18.375, 
2025-04-19 06:22:09.652559,  21.062,  20.187,  19.812,  19.437,  19.812,  18.375, 
2025-04-19 06:23:14.644562,  21.062,  20.187,  19.812,  19.437,  19.875,  18.375, 
2025-04-19 06:24:19.700532,  21.062,  20.187,  19.812,  19.5,  19.875,  18.437, 
2025-04-19 06:25:24.756566,  21.125,  20.25,  19.812,  19.5,  19.875,  18.437, 
2025-04-19 06:26:29.812529,  21.125,  20.25,  19.812,  19.5,  19.875,  18.437, 
2025-04-19 06:27:34.874970,  21.125,  20.25,  19.875,  19.5,  19.875,  18.375, 
2025-04-19 06:28:39.956527,  21.125,  20.25,  19.812,  19.5,  19.875,  18.437, 
2025-04-19 06:29:45.012534,  21.125,  20.187,  19.812,  19.5,  19.875,  18.437, 
2025-04-19 06:30:50.004537,  21.125,  20.25,  19.875,  19.5,  19.875,  18.437, 
2025-04-19 06:31:55.060539,  21.125,  20.25,  19.812,  19.5,  19.875,  18.437, 
2025-04-19 06:33:00.116500,  21.125,  20.25,  19.875,  19.5,  19.875,  18.437, 
2025-04-19 06:34:05.140477,  21.125,  20.25,  19.875,  19.5,  19.937,  18.437, 
2025-04-19 06:35:10.200570,  21.187,  20.25,  19.875,  19.5,  19.937,  18.437, 
2025-04-19 06:36:15.220507,  21.125,  20.25,  19.875,  19.5,  19.937,  18.437, 
2025-04-19 06:37:20.276494,  21.125,  20.25,  19.875,  19.5,  19.937,  18.437, 
2025-04-19 06:38:25.268527,  21.125,  20.25,  19.875,  19.5,  19.937,  18.437, 
2025-04-19 06:39:30.324595,  21.187,  20.25,  19.875,  19.5,  19.937,  18.437, 
2025-04-19 06:40:35.380533,  21.187,  20.312,  19.875,  19.562,  19.937,  18.5, 
2025-04-19 06:41:40.436506,  21.187,  20.25,  19.937,  19.562,  19.937,  18.5, 
2025-04-19 06:42:45.492559,  21.187,  20.25,  19.875,  19.562,  19.937,  18.5, 
2025-04-19 06:43:50.548503,  21.187,  20.25,  19.875,  19.562,  19.937,  18.5, 
2025-04-19 06:44:55.604590,  21.187,  20.25,  19.875,  19.562,  19.937,  18.5, 
2025-04-19 06:46:00.692580,  21.187,  20.312,  19.937,  19.562,  19.937,  18.5, 
2025-04-19 06:47:05.780459,  21.187,  20.312,  19.875,  19.562,  19.937,  18.5, 
2025-04-19 06:48:10.836486,  21.187,  20.312,  19.875,  19.562,  19.937,  18.5, 
2025-04-19 06:49:15.892571,  21.187,  20.312,  19.875,  19.562,  19.937,  18.5, 
2025-04-19 06:50:20.948522,  21.187,  20.25,  19.937,  19.562,  19.937,  18.5, 
2025-04-19 06:51:26.004500,  21.187,  20.25,  19.875,  19.562,  19.937,  18.5, 
2025-04-19 06:52:31.060527,  21.187,  20.312,  19.937,  19.562,  19.937,  18.5, 
2025-04-19 06:53:36.116584,  21.187,  20.312,  19.937,  19.562,  19.937,  18.5, 
2025-04-19 06:54:41.172470,  21.187,  20.25,  19.937,  19.562,  19.937,  18.5, 
2025-04-19 06:55:46.228566,  21.187,  20.312,  19.937,  19.562,  19.937,  18.5, 
2025-04-19 06:56:51.284550,  21.187,  20.312,  19.937,  19.562,  19.937,  18.5, 
2025-04-19 06:57:56.340570,  21.187,  20.312,  19.875,  19.562,  19.937,  18.5, 
2025-04-19 06:59:01.396517,  21.187,  20.312,  19.937,  19.562,  20.0,  18.5, 
2025-04-19 07:00:06.452562,  21.187,  20.312,  19.875,  19.562,  19.937,  18.5, 
2025-04-19 07:01:11.508545,  21.187,  20.312,  19.937,  19.562,  19.937,  18.5, 
2025-04-19 07:02:16.564491,  21.187,  20.312,  19.875,  19.562,  20.0,  18.5, 
2025-04-19 07:03:21.556568,  21.187,  20.312,  19.937,  19.562,  19.937,  18.5, 
2025-04-19 07:04:26.612566,  21.187,  20.312,  19.875,  19.562,  19.937,  18.5, 
2025-04-19 07:05:31.668574,  21.187,  20.312,  19.937,  19.625,  20.0,  18.5, 
2025-04-19 07:06:36.724527,  21.187,  20.312,  19.875,  19.562,  20.0,  18.5, 
2025-04-19 07:07:41.780495,  21.25,  20.312,  19.937,  19.562,  20.0,  18.562, 
2025-04-19 07:08:46.836522,  21.25,  20.312,  19.937,  19.562,  19.937,  18.5, 
2025-04-19 07:09:51.828744,  21.187,  20.312,  19.937,  19.562,  20.0,  18.562, 
2025-04-19 07:10:56.884571,  21.25,  20.312,  19.937,  19.562,  20.0,  18.5, 
2025-04-19 07:12:01.940487,  21.25,  20.312,  19.937,  19.625,  20.0,  18.562, 
2025-04-19 07:13:06.996546,  21.25,  20.312,  19.937,  19.562,  20.0,  18.5, 
2025-04-19 07:14:12.052516,  21.25,  20.312,  19.937,  19.562,  20.0,  18.562, 
2025-04-19 07:15:17.108535,  21.25,  20.312,  19.937,  19.625,  20.0,  18.562, 
2025-04-19 07:16:22.164529,  21.25,  20.312,  19.937,  19.625,  20.0,  18.562, 
2025-04-19 07:17:27.156519,  21.25,  20.312,  19.937,  19.562,  20.0,  18.562, 
2025-04-19 07:18:32.212558,  21.25,  20.312,  19.937,  19.625,  20.0,  18.562, 
2025-04-19 07:19:37.268565,  21.25,  20.312,  19.937,  19.625,  20.0,  18.562, 
2025-04-19 07:20:42.356544,  21.25,  20.312,  20.0,  19.625,  20.0,  18.562, 
2025-04-19 07:21:47.412504,  21.25,  20.375,  19.937,  19.625,  20.0,  18.562, 
2025-04-19 07:22:52.468508,  21.25,  20.375,  19.937,  19.625,  20.0,  18.562, 
2025-04-19 07:23:57.460544,  21.25,  20.312,  19.937,  19.625,  20.0,  18.562, 
2025-04-19 07:25:02.516547,  21.25,  20.375,  20.0,  19.625,  20.0,  18.562, 
2025-04-19 07:26:07.572525,  21.25,  20.312,  19.937,  19.625,  20.0,  18.562, 
2025-04-19 07:27:12.628523,  21.25,  20.375,  20.0,  19.625,  20.0,  18.562, 
2025-04-19 07:28:17.652504,  21.25,  20.375,  20.0,  19.625,  20.062,  18.562, 
2025-04-19 07:29:22.708560,  21.25,  20.375,  20.0,  19.625,  20.0,  18.562, 
2025-04-19 07:30:27.764499,  21.25,  20.375,  20.0,  19.625,  20.0,  18.562, 
2025-04-19 07:31:32.820609,  21.25,  20.375,  20.0,  19.625,  20.0,  18.562, 
2025-04-19 07:32:37.876535,  21.25,  20.375,  20.0,  19.625,  20.0,  18.562, 
2025-04-19 07:33:42.932548,  21.25,  20.375,  20.0,  19.625,  20.062,  18.562, 
2025-04-19 07:34:47.924564,  21.312,  20.375,  20.0,  19.625,  20.0,  18.562, 
2025-04-19 07:35:53.012476,  21.25,  20.375,  20.0,  19.625,  20.062,  18.562, 
2025-04-19 07:36:58.068548,  21.25,  20.375,  20.0,  19.625,  20.062,  18.562, 
2025-04-19 07:38:03.061105,  21.312,  20.375,  20.0,  19.625,  20.0,  18.562, 
2025-04-19 07:39:08.116563,  21.25,  20.375,  20.0,  19.687,  20.062,  18.562, 
2025-04-19 07:40:13.172518,  21.312,  20.375,  20.0,  19.625,  20.062,  18.562, 
2025-04-19 07:41:18.228506,  21.312,  20.375,  20.062,  19.687,  20.062,  18.625, 
2025-04-19 07:42:23.220565,  21.312,  20.375,  20.0,  19.625,  20.062,  18.562, 
2025-04-19 07:43:28.276545,  21.312,  20.375,  20.062,  19.625,  20.062,  18.625, 
2025-04-19 07:44:33.332510,  21.312,  20.375,  20.0,  19.687,  20.062,  18.625, 
2025-04-19 07:45:38.388531,  21.312,  20.375,  20.062,  19.625,  20.062,  18.625, 
2025-04-19 07:46:43.476578,  21.312,  20.375,  20.0,  19.625,  20.062,  18.625, 
2025-04-19 07:47:48.532535,  21.312,  20.375,  20.062,  19.687,  20.062,  18.625, 
2025-04-19 07:48:53.524589,  21.312,  20.437,  20.0,  19.687,  20.062,  18.625, 
2025-04-19 07:49:58.580538,  21.312,  20.437,  20.062,  19.687,  20.062,  18.625, 
2025-04-19 07:51:03.636524,  21.312,  20.375,  20.0,  19.687,  20.062,  18.625, 
2025-04-19 07:52:08.692526,  21.312,  20.437,  20.062,  19.687,  20.062,  18.625, 
2025-04-19 07:53:13.748579,  21.312,  20.437,  20.062,  19.687,  20.062,  18.625, 
2025-04-19 07:54:18.804564,  21.312,  20.437,  20.062,  19.687,  20.062,  18.625, 
2025-04-19 07:55:23.888524,  21.312,  20.437,  20.062,  19.687,  20.062,  18.625, 
2025-04-19 07:56:28.948562,  21.312,  20.437,  20.062,  19.687,  20.125,  18.625, 
2025-04-19 07:57:34.004520,  21.375,  20.437,  20.062,  19.687,  20.125,  18.625, 
2025-04-19 07:58:39.060490,  21.312,  20.437,  20.062,  19.687,  20.125,  18.625, 
2025-04-19 07:59:44.116553,  21.375,  20.437,  20.062,  19.687,  20.125,  18.625, 
2025-04-19 08:00:49.172530,  21.375,  20.437,  20.062,  19.687,  20.125,  18.625, 
2025-04-19 08:01:54.228520,  21.312,  20.437,  20.062,  19.687,  20.125,  18.625, 
2025-04-19 08:02:59.284559,  21.375,  20.437,  20.062,  19.687,  20.125,  18.625, 
2025-04-19 08:04:04.340567,  21.375,  20.437,  20.062,  19.75,  20.125,  18.625, 
2025-04-19 08:05:09.396530,  21.375,  20.437,  20.062,  19.75,  20.125,  18.687, 
2025-04-19 08:06:14.484543,  21.375,  20.437,  20.062,  19.75,  20.125,  18.687, 
2025-04-19 08:07:19.540521,  21.375,  20.437,  20.062,  19.687,  20.125,  18.687, 
2025-04-19 08:08:24.596529,  21.375,  20.437,  20.062,  19.75,  20.125,  18.687, 
2025-04-19 08:09:29.652620,  21.375,  20.5,  20.062,  19.687,  20.125,  18.687, 
2025-04-19 08:10:34.708560,  21.375,  20.437,  20.062,  19.75,  20.125,  18.687, 
2025-04-19 08:11:39.764483,  21.375,  20.437,  20.062,  19.75,  20.125,  18.687, 
2025-04-19 08:12:44.812556,  21.375,  20.437,  20.062,  19.75,  20.125,  18.687, 
2025-04-19 08:13:49.876590,  21.375,  20.5,  20.062,  19.75,  20.125,  18.687, 
2025-04-19 08:14:54.941222,  21.375,  20.437,  20.062,  19.75,  20.125,  18.687, 
2025-04-19 08:16:00.020485,  21.375,  20.437,  20.062,  19.75,  20.125,  18.687, 
2025-04-19 08:17:05.076552,  21.375,  20.437,  20.125,  19.75,  20.125,  18.687, 
2025-04-19 08:18:10.132535,  21.375,  20.437,  20.062,  19.75,  20.125,  18.687, 
2025-04-19 08:19:15.188531,  21.375,  20.5,  20.062,  19.75,  20.125,  18.687, 
2025-04-19 08:20:20.244565,  21.375,  20.5,  20.062,  19.75,  20.125,  18.687, 
2025-04-19 08:21:25.301078,  21.375,  20.437,  20.062,  19.75,  20.125,  18.687, 
2025-04-19 08:22:30.388509,  21.375,  20.437,  20.062,  19.75,  20.125,  18.687, 
2025-04-19 08:23:35.380548,  21.375,  20.437,  20.062,  19.75,  20.125,  18.687, 
2025-04-19 08:24:40.180526,  21.375,  20.437,  20.062,  19.75,  20.125,  18.687, 
2025-04-19 08:25:44.980506,  21.375,  20.437,  20.062,  19.75,  20.125,  18.687, 
2025-04-19 08:26:49.908501,  21.375,  20.437,  20.062,  19.75,  20.125,  18.687, 
2025-04-19 08:27:54.964513,  21.375,  20.437,  20.062,  19.75,  20.125,  18.687, 
2025-04-19 08:29:00.020585,  21.375,  20.437,  20.125,  19.75,  20.125,  18.687, 
2025-04-19 08:30:05.044521,  21.437,  20.437,  20.125,  19.75,  20.125,  18.687, 
2025-04-19 08:31:10.100576,  21.375,  20.5,  20.125,  19.75,  20.125,  18.687, 
2025-04-19 08:32:15.156558,  21.437,  20.5,  20.125,  19.75,  20.125,  18.687, 
2025-04-19 08:33:20.212529,  21.437,  20.5,  20.125,  19.75,  20.187,  18.687, 
2025-04-19 08:34:25.268485,  21.437,  20.5,  20.125,  19.75,  20.187,  18.687, 
2025-04-19 08:35:30.324546,  21.437,  20.5,  20.125,  19.75,  20.187,  18.75, 
2025-04-19 08:36:35.380507,  21.437,  20.5,  20.125,  19.812,  20.187,  18.75, 
2025-04-19 08:37:40.436534,  21.437,  20.5,  20.125,  19.75,  20.187,  18.75, 
2025-04-19 08:38:45.492550,  21.5,  20.5,  20.125,  19.812,  20.187,  18.75, 
2025-04-19 08:39:50.548512,  21.437,  20.562,  20.125,  19.75,  20.187,  18.75, 
2025-04-19 08:40:55.572493,  21.437,  20.5,  20.125,  19.812,  20.187,  18.75, 
2025-04-19 08:42:00.628542,  21.5,  20.562,  20.125,  19.75,  20.187,  18.75, 
2025-04-19 08:43:05.652524,  21.5,  20.562,  20.125,  19.812,  20.187,  18.75, 
2025-04-19 08:44:10.708555,  21.437,  20.562,  20.125,  19.812,  20.187,  18.75, 
2025-04-19 08:45:15.764491,  21.5,  20.5,  20.125,  19.812,  20.187,  18.75, 
2025-04-19 08:46:20.852527,  21.5,  20.562,  20.125,  19.812,  20.187,  18.75, 
2025-04-19 08:47:25.876503,  21.5,  20.562,  20.187,  19.812,  20.25,  18.812, 
2025-04-19 08:48:30.932833,  21.5,  20.562,  20.187,  19.812,  20.25,  18.812, 
2025-04-19 08:49:35.988572,  21.5,  20.562,  20.187,  19.812,  20.25,  18.812, 
2025-04-19 08:50:41.044495,  21.5,  20.562,  20.187,  19.812,  20.25,  18.812, 
2025-04-19 08:51:46.036572,  21.5,  20.562,  20.187,  19.812,  20.25,  18.812, 
2025-04-19 08:52:51.092574,  21.5,  20.562,  20.187,  19.812,  20.25,  18.812, 
2025-04-19 08:53:56.148511,  21.562,  20.562,  20.187,  19.875,  20.25,  18.812, 
2025-04-19 08:55:01.172537,  21.5,  20.625,  20.187,  19.812,  20.25,  18.875, 
2025-04-19 08:56:06.228574,  21.562,  20.625,  20.187,  19.875,  20.25,  18.875, 
2025-04-19 08:57:11.284547,  21.562,  20.625,  20.187,  19.875,  20.312,  18.875, 
2025-04-19 08:58:16.340532,  21.562,  20.625,  20.187,  19.875,  20.312,  18.875, 
2025-04-19 08:59:21.396495,  21.562,  20.687,  20.187,  19.875,  20.312,  18.875, 
2025-04-19 09:00:26.452578,  21.625,  20.625,  20.25,  19.875,  20.312,  18.875, 
2025-04-19 09:01:31.508507,  21.562,  20.625,  20.25,  19.875,  20.312,  18.875, 
2025-04-19 09:02:36.564535,  21.625,  20.625,  20.25,  19.875,  20.312,  18.875, 
2025-04-19 09:03:41.556557,  21.625,  20.625,  20.25,  19.875,  20.312,  18.875, 
2025-04-19 09:04:46.612542,  21.625,  20.625,  20.25,  19.875,  20.312,  18.875, 
2025-04-19 09:05:51.604482,  21.625,  20.625,  20.25,  19.875,  20.312,  18.875, 
2025-04-19 09:06:56.596513,  21.625,  20.625,  20.25,  19.875,  20.312,  18.875, 
2025-04-19 09:08:01.652514,  21.625,  20.625,  20.25,  19.875,  20.312,  18.875, 
2025-04-19 09:09:06.708531,  21.625,  20.625,  20.25,  19.875,  20.312,  18.875, 
2025-04-19 09:10:11.700507,  21.625,  20.625,  20.25,  19.875,  20.312,  18.875, 
2025-04-19 09:11:16.756571,  21.562,  20.625,  20.25,  19.875,  20.312,  18.875, 
2025-04-19 09:12:21.812478,  21.625,  20.625,  20.25,  19.875,  20.312,  18.875, 
2025-04-19 09:13:26.892534,  21.625,  20.625,  20.25,  19.875,  20.312,  18.875, 
2025-04-19 09:14:31.956508,  21.562,  20.625,  20.25,  19.875,  20.312,  18.875, 
2025-04-19 09:15:37.012542,  21.625,  20.687,  20.25,  19.875,  20.312,  18.875, 
2025-04-19 09:16:42.068528,  21.625,  20.625,  20.25,  19.875,  20.312,  18.875, 
2025-04-19 09:17:47.124511,  21.625,  20.625,  20.25,  19.875,  20.312,  18.875, 
2025-04-19 09:18:52.180555,  21.625,  20.625,  20.25,  19.937,  20.312,  18.875, 
2025-04-19 09:19:57.172536,  21.625,  20.687,  20.25,  19.875,  20.312,  18.937, 
2025-04-19 09:21:01.972525,  21.625,  20.687,  20.25,  19.875,  20.375,  18.937, 
2025-04-19 09:22:06.772534,  21.625,  20.687,  20.312,  19.875,  20.312,  18.875, 
2025-04-19 09:23:11.700515,  21.625,  20.687,  20.312,  19.937,  20.375,  18.875, 
2025-04-19 09:24:16.756526,  21.625,  20.687,  20.312,  19.937,  20.312,  18.937, 
2025-04-19 09:25:21.844562,  21.625,  20.687,  20.312,  19.937,  20.375,  18.937, 
2025-04-19 09:26:26.900529,  21.625,  20.687,  20.312,  19.937,  20.312,  18.875, 
2025-04-19 09:27:31.956567,  21.687,  20.687,  20.25,  19.937,  20.375,  18.937, 
2025-04-19 09:28:37.012527,  21.687,  20.687,  20.312,  19.937,  20.375,  18.937, 
2025-04-19 09:29:42.068535,  21.625,  20.687,  20.25,  19.937,  20.375,  18.875, 
2025-04-19 09:30:47.124534,  21.687,  20.687,  20.312,  19.937,  20.312,  18.937, 
2025-04-19 09:31:52.184557,  21.625,  20.687,  20.25,  19.937,  20.375,  18.937, 
2025-04-19 09:32:57.268555,  21.687,  20.687,  20.312,  19.937,  20.375,  18.937, 
2025-04-19 09:34:02.324523,  21.687,  20.687,  20.312,  19.937,  20.375,  18.937, 
2025-04-19 09:35:07.380563,  21.687,  20.687,  20.312,  19.937,  20.375,  18.937, 
2025-04-19 09:36:12.436546,  21.687,  20.687,  20.312,  19.937,  20.375,  18.937, 
2025-04-19 09:37:17.492526,  21.687,  20.687,  20.312,  19.937,  20.375,  18.937, 
2025-04-19 09:38:22.548529,  21.687,  20.75,  20.312,  19.937,  20.375,  18.937, 
2025-04-19 09:39:27.604557,  21.687,  20.75,  20.312,  19.937,  20.375,  18.937, 
2025-04-19 09:40:32.660536,  21.687,  20.687,  20.312,  19.937,  20.375,  18.937, 
2025-04-19 09:41:37.716472,  21.687,  20.687,  20.312,  19.937,  20.375,  18.937, 
2025-04-19 09:42:42.772559,  21.687,  20.687,  20.312,  19.937,  20.375,  18.937, 
2025-04-19 09:43:47.828507,  21.687,  20.687,  20.312,  19.937,  20.375,  18.937, 
2025-04-19 09:44:52.884551,  21.687,  20.75,  20.312,  19.937,  20.375,  18.937, 
2025-04-19 09:45:57.940513,  21.687,  20.75,  20.312,  19.937,  20.375,  18.937, 
2025-04-19 09:47:02.996589,  21.687,  20.687,  20.312,  19.937,  20.375,  18.937, 
2025-04-19 09:48:08.052505,  21.687,  20.687,  20.312,  19.937,  20.375,  18.937, 
2025-04-19 09:49:13.113199,  21.687,  20.687,  20.312,  19.937,  20.375,  18.937, 
2025-04-19 09:50:18.260566,  21.687,  20.687,  20.25,  19.937,  20.375,  18.937, 
2025-04-19 09:51:23.380515,  21.687,  20.687,  20.312,  19.937,  20.375,  18.937, 
2025-04-19 09:52:28.436500,  21.687,  20.687,  20.25,  19.937,  20.375,  18.937, 
2025-04-19 09:53:33.492557,  21.687,  20.75,  20.312,  19.937,  20.375,  18.937, 
2025-04-19 09:54:38.548509,  21.687,  20.75,  20.25,  19.937,  20.375,  18.937, 
2025-04-19 09:55:43.604533,  21.687,  20.75,  20.312,  19.937,  20.375,  18.937, 
2025-04-19 09:56:48.660587,  21.687,  20.687,  20.312,  19.937,  20.375,  19.0, 
2025-04-19 09:57:53.716497,  21.687,  20.75,  20.312,  19.937,  20.375,  18.937, 
2025-04-19 09:58:58.772522,  21.687,  20.75,  20.312,  19.937,  20.375,  18.937, 
2025-04-19 10:00:03.828549,  21.687,  20.687,  20.312,  19.937,  20.375,  18.937, 
2025-04-19 10:01:08.884532,  21.687,  20.75,  20.312,  19.937,  20.437,  18.937, 
2025-04-19 10:02:13.908528,  21.687,  20.75,  20.312,  19.937,  20.375,  18.937, 
2025-04-19 10:03:18.996562,  21.687,  20.687,  20.312,  19.937,  20.375,  18.937, 
2025-04-19 10:04:24.108567,  21.687,  20.687,  20.312,  19.937,  20.375,  18.937, 
2025-04-19 10:05:29.172531,  21.687,  20.687,  20.25,  19.937,  20.375,  18.937, 
2025-04-19 10:06:34.260574,  21.687,  20.687,  20.312,  19.937,  20.375,  18.937, 
2025-04-19 10:07:39.316488,  21.687,  20.687,  20.25,  19.937,  20.375,  18.937, 
2025-04-19 10:08:44.372574,  21.687,  20.687,  20.312,  19.937,  20.375,  18.937, 
2025-04-19 10:09:49.428558,  21.687,  20.687,  20.25,  19.937,  20.375,  18.937, 
2025-04-19 10:10:54.484536,  21.687,  20.687,  20.25,  19.937,  20.375,  18.937, 
2025-04-19 10:11:59.572548,  21.625,  20.687,  20.312,  19.937,  20.375,  18.937, 
2025-04-19 10:13:04.628528,  21.687,  20.687,  20.25,  19.937,  20.375,  18.937, 
2025-04-19 10:14:09.684568,  21.687,  20.687,  20.312,  19.937,  20.375,  18.875, 
2025-04-19 10:15:14.740511,  21.687,  20.687,  20.25,  19.937,  20.375,  18.937, 
2025-04-19 10:16:19.796510,  21.687,  20.687,  20.312,  19.937,  20.375,  18.937, 
2025-04-19 10:17:24.884577,  21.625,  20.687,  20.25,  19.937,  20.375,  18.937, 
2025-04-19 10:18:29.940511,  21.687,  20.687,  20.312,  19.937,  20.375,  18.937, 
2025-04-19 10:19:34.996517,  21.625,  20.687,  20.25,  19.937,  20.375,  18.937, 
2025-04-19 10:20:40.052567,  21.687,  20.687,  20.25,  19.937,  20.375,  18.875, 
2025-04-19 10:21:45.108528,  21.625,  20.687,  20.25,  19.937,  20.312,  18.937, 
2025-04-19 10:22:50.100551,  21.625,  20.687,  20.312,  19.937,  20.375,  18.875, 
2025-04-19 10:23:55.189135,  21.687,  20.687,  20.312,  19.937,  20.312,  18.937, 
2025-04-19 10:25:00.212504,  21.687,  20.687,  20.25,  19.937,  20.312,  18.875, 
2025-04-19 10:26:05.332505,  21.687,  20.687,  20.25,  19.937,  20.375,  18.875, 
2025-04-19 10:27:10.452526,  21.625,  20.687,  20.25,  19.937,  20.312,  18.875, 
2025-04-19 10:28:15.508496,  21.687,  20.687,  20.25,  19.937,  20.312,  18.937, 
2025-04-19 10:29:20.564553,  21.687,  20.687,  20.25,  19.937,  20.375,  18.875, 
2025-04-19 10:30:25.620510,  21.687,  20.687,  20.312,  19.937,  20.375,  18.875, 
2025-04-19 10:31:30.676555,  21.687,  20.687,  20.25,  19.937,  20.375,  18.937, 
2025-04-19 10:32:35.764483,  21.687,  20.687,  20.312,  19.937,  20.375,  18.937, 
2025-04-19 10:33:40.788543,  21.687,  20.687,  20.312,  19.937,  20.375,  18.937, 
2025-04-19 10:34:45.844552,  21.687,  20.687,  20.312,  19.937,  20.375,  18.937, 
2025-04-19 10:35:50.900557,  21.687,  20.687,  20.312,  19.937,  20.375,  18.937, 
2025-04-19 10:36:55.956552,  21.687,  20.687,  20.25,  19.937,  20.375,  18.937, 
2025-04-19 10:38:00.949148,  21.687,  20.687,  20.312,  19.937,  20.375,  18.937, 
2025-04-19 10:39:06.004543,  21.687,  20.687,  20.312,  19.937,  20.375,  18.937, 
2025-04-19 10:40:11.061101,  21.687,  20.687,  20.312,  19.937,  20.375,  18.937, 
2025-04-19 10:41:16.116541,  21.687,  20.687,  20.312,  19.937,  20.375,  18.937, 
2025-04-19 10:42:21.172524,  21.687,  20.687,  20.312,  19.937,  20.375,  18.937, 
2025-04-19 10:43:26.229116,  21.687,  20.687,  20.312,  19.937,  20.375,  18.937, 
2025-04-19 10:44:31.252513,  21.687,  20.687,  20.312,  19.937,  20.375,  18.937, 
2025-04-19 10:45:36.308522,  21.687,  20.687,  20.312,  19.937,  20.375,  18.937, 
2025-04-19 10:46:41.364501,  21.687,  20.75,  20.312,  19.937,  20.437,  19.0, 
2025-04-19 10:47:46.420516,  21.75,  20.75,  20.375,  20.0,  20.437,  19.0, 
2025-04-19 10:48:51.476531,  21.75,  20.812,  20.375,  20.0,  20.437,  19.0, 
2025-04-19 10:49:56.532503,  21.75,  20.812,  20.375,  20.0,  20.5,  19.062, 
2025-04-19 10:51:01.524494,  21.75,  20.812,  20.375,  20.0,  20.5,  19.062, 
2025-04-19 10:52:06.612565,  21.75,  20.812,  20.375,  20.0,  20.5,  19.062, 
2025-04-19 10:53:11.668567,  21.75,  20.812,  20.437,  20.0,  20.5,  19.062, 
2025-04-19 10:54:16.724495,  21.75,  20.812,  20.375,  20.0,  20.5,  19.062, 
2025-04-19 10:55:21.780516,  21.75,  20.812,  20.375,  20.0,  20.5,  19.062, 
2025-04-19 10:56:26.836523,  21.75,  20.812,  20.437,  20.0,  20.5,  19.062, 
2025-04-19 10:57:31.892518,  21.75,  20.812,  20.437,  20.0,  20.5,  19.062, 
2025-04-19 10:58:36.948560,  21.75,  20.812,  20.437,  20.062,  20.5,  19.062, 
2025-04-19 10:59:42.004523,  21.75,  20.812,  20.375,  20.0,  20.5,  19.062, 
2025-04-19 11:00:46.996515,  21.75,  20.812,  20.375,  20.0,  20.5,  19.062, 
2025-04-19 11:01:52.012548,  21.75,  20.812,  20.375,  20.0,  20.5,  19.062, 
2025-04-19 11:02:57.076513,  21.75,  20.812,  20.437,  20.0,  20.5,  19.062, 
2025-04-19 11:04:02.132517,  21.75,  20.812,  20.375,  20.062,  20.5,  19.062, 
2025-04-19 11:05:07.188466,  21.75,  20.812,  20.375,  20.062,  20.5,  19.062, 
2025-04-19 11:06:12.212523,  21.75,  20.812,  20.375,  20.0,  20.5,  19.062, 
2025-04-19 11:07:17.268520,  21.75,  20.812,  20.437,  20.062,  20.5,  19.125, 
2025-04-19 11:08:22.324489,  21.75,  20.812,  20.375,  20.062,  20.5,  19.062, 
2025-04-19 11:09:27.380584,  21.75,  20.812,  20.437,  20.062,  20.5,  19.062, 
2025-04-19 11:10:32.436520,  21.75,  20.812,  20.437,  20.062,  20.5,  19.062, 
2025-04-19 11:11:37.492556,  21.75,  20.812,  20.437,  20.062,  20.5,  19.062, 
2025-04-19 11:12:42.580537,  21.75,  20.812,  20.437,  20.062,  20.5,  19.062, 
2025-04-19 11:13:47.636508,  21.75,  20.812,  20.437,  20.062,  20.5,  19.062, 
2025-04-19 11:14:52.692490,  21.75,  20.812,  20.375,  20.062,  20.5,  19.062, 
2025-04-19 11:15:57.748567,  21.75,  20.812,  20.375,  20.062,  20.5,  19.062, 
2025-04-19 11:17:02.772548,  21.75,  20.812,  20.375,  20.062,  20.5,  19.062, 
2025-04-19 11:18:07.828535,  21.75,  20.812,  20.375,  20.062,  20.5,  19.062, 
2025-04-19 11:19:12.908568,  21.75,  20.812,  20.375,  20.062,  20.5,  19.062, 
2025-04-19 11:20:17.876552,  21.75,  20.812,  20.375,  20.0,  20.5,  19.062, 
2025-04-19 11:21:22.932508,  21.75,  20.812,  20.375,  20.0,  20.5,  19.062, 
2025-04-19 11:22:27.924525,  21.75,  20.812,  20.375,  20.0,  20.5,  19.062, 
2025-04-19 11:23:32.980558,  21.75,  20.812,  20.375,  20.062,  20.437,  19.062, 
2025-04-19 11:24:38.036519,  21.75,  20.812,  20.375,  20.0,  20.5,  19.062, 
2025-04-19 11:25:43.028493,  21.75,  20.75,  20.375,  20.062,  20.5,  19.062, 
2025-04-19 11:26:48.084552,  21.812,  20.875,  20.5,  20.062,  20.625,  19.187, 
2025-04-19 11:27:53.140515,  21.812,  20.937,  20.5,  20.062,  20.625,  19.187, 
2025-04-19 11:28:58.164537,  21.812,  20.937,  20.5,  20.125,  20.625,  19.187, 
2025-04-19 11:30:03.220507,  21.812,  21.0,  20.562,  20.125,  20.687,  19.187, 
2025-04-19 11:31:08.276560,  21.812,  21.0,  20.562,  20.187,  20.687,  19.187, 
2025-04-19 11:32:13.332485,  21.812,  21.0,  20.562,  20.125,  20.687,  19.187, 
2025-04-19 11:33:18.416533,  21.812,  21.0,  20.625,  20.125,  20.687,  19.25, 
2025-04-19 11:34:23.510851,  21.812,  21.0,  20.625,  20.187,  20.687,  19.25, 
2025-04-19 11:35:28.596498,  21.812,  21.0,  20.625,  20.187,  20.687,  19.25, 
2025-04-19 11:36:33.652508,  21.812,  21.062,  20.625,  20.187,  20.687,  19.312, 
2025-04-19 11:37:38.709210,  21.875,  21.062,  20.625,  20.187,  20.75,  19.25, 
2025-04-19 11:38:43.764507,  21.937,  21.125,  20.687,  20.187,  20.812,  19.312, 
2025-04-19 11:39:48.788595,  22.0,  21.125,  20.687,  20.25,  20.812,  19.375, 
2025-04-19 11:40:53.844503,  22.0,  21.125,  20.687,  20.25,  20.812,  19.375, 
2025-04-19 11:41:58.900548,  22.062,  21.125,  20.75,  20.312,  20.812,  19.375, 
2025-04-19 11:43:03.956544,  22.0,  21.125,  20.75,  20.375,  20.875,  19.375, 
2025-04-19 11:44:09.012526,  22.0,  21.125,  20.0,  20.375,  20.875,  19.437, 
2025-04-19 11:45:14.068561,  22.0,  21.125,  20.75,  20.375,  20.812,  19.375, 
2025-04-19 11:46:19.125119,  21.937,  21.125,  20.562,  20.312,  20.812,  19.312, 
2025-04-19 11:47:24.180514,  21.937,  21.062,  20.75,  20.312,  20.75,  19.312, 
2025-04-19 11:48:29.236513,  21.937,  21.062,  20.875,  20.312,  20.75,  19.312, 
2025-04-19 11:49:34.292525,  21.875,  21.062,  20.875,  20.312,  20.75,  19.312, 
2025-04-19 11:50:39.349165,  21.875,  21.0,  20.812,  20.25,  20.75,  19.312, 
2025-04-19 11:51:44.404527,  21.875,  21.0,  20.75,  20.312,  20.75,  19.25, 
2025-04-19 11:52:49.461132,  21.875,  21.0,  20.687,  20.312,  20.75,  19.312, 
2025-04-19 11:53:54.548517,  21.937,  21.062,  20.687,  20.312,  20.75,  19.312, 
2025-04-19 11:54:59.636562,  21.937,  21.062,  20.687,  20.312,  20.75,  19.312, 
2025-04-19 11:56:04.692546,  21.937,  21.125,  20.687,  20.312,  20.75,  19.312, 
2025-04-19 11:57:09.748493,  21.937,  21.062,  20.687,  20.312,  20.75,  19.312, 
2025-04-19 11:58:14.804514,  21.937,  21.062,  20.687,  20.312,  20.75,  19.25, 
2025-04-19 11:59:19.860471,  21.937,  21.062,  20.687,  20.312,  20.812,  19.312, 
2025-04-19 12:00:24.919867,  21.937,  21.062,  20.687,  20.312,  20.812,  19.312, 
2025-04-19 12:01:30.004557,  21.937,  21.062,  20.75,  20.375,  20.812,  19.375, 
2025-04-19 12:02:35.060524,  22.0,  21.125,  20.75,  20.375,  20.812,  19.375, 
2025-04-19 12:03:40.116494,  22.062,  21.125,  20.75,  20.375,  20.875,  19.375, 
2025-04-19 12:04:45.172540,  22.062,  21.125,  20.75,  20.375,  20.875,  19.375, 
2025-04-19 12:05:50.196566,  22.062,  21.125,  20.75,  20.375,  20.875,  19.437, 
2025-04-19 12:06:55.252874,  22.062,  21.187,  20.75,  20.375,  20.875,  19.437, 
2025-04-19 12:08:00.244484,  22.062,  21.125,  20.812,  20.437,  20.875,  19.437, 
2025-04-19 12:09:05.273189,  22.062,  21.187,  20.75,  20.437,  20.875,  19.375, 
2025-04-19 12:10:10.260574,  22.125,  21.187,  20.812,  20.437,  20.875,  19.437, 
2025-04-19 12:11:15.252561,  22.125,  21.187,  20.875,  20.5,  20.875,  19.437, 
2025-04-19 12:12:20.276550,  22.187,  21.25,  20.875,  20.5,  20.937,  19.5, 
2025-04-19 12:13:25.332534,  22.187,  21.25,  20.875,  20.5,  20.875,  19.5, 
2025-04-19 12:14:30.324668,  22.187,  21.25,  20.875,  20.562,  20.937,  19.5, 
2025-04-19 12:15:35.380548,  22.187,  21.25,  20.875,  20.562,  20.937,  19.5, 
2025-04-19 12:16:40.372542,  22.187,  21.25,  20.875,  20.562,  20.937,  19.5, 
2025-04-19 12:17:45.364496,  22.187,  21.25,  20.875,  20.562,  20.937,  19.437, 
2025-04-19 12:18:50.420493,  22.187,  21.187,  20.875,  20.562,  20.937,  19.437, 
2025-04-19 12:19:55.508491,  22.187,  21.25,  20.875,  20.5,  20.937,  19.5, 
2025-04-19 12:21:00.564547,  22.25,  21.25,  20.875,  20.562,  20.937,  19.5, 
2025-04-19 12:22:05.557486,  22.25,  21.312,  20.937,  20.625,  20.937,  19.562, 
2025-04-19 12:23:10.644792,  22.25,  21.312,  20.937,  20.625,  20.937,  19.562, 
2025-04-19 12:24:15.717450,  22.25,  21.312,  20.937,  20.625,  20.937,  19.562, 
2025-04-19 12:25:20.788612,  22.25,  21.312,  20.937,  20.625,  20.937,  19.562, 
2025-04-19 12:26:25.836493,  22.312,  21.312,  21.0,  20.625,  20.937,  19.562, 
2025-04-19 12:27:30.900515,  22.25,  21.312,  20.937,  20.625,  20.937,  19.562, 
2025-04-19 12:28:35.957082,  22.312,  21.312,  20.937,  20.625,  20.937,  19.562, 
2025-04-19 12:29:40.948576,  22.312,  21.312,  20.937,  20.625,  20.937,  19.562, 
2025-04-19 12:30:46.004529,  22.312,  21.312,  21.0,  20.687,  21.0,  19.562, 
2025-04-19 12:31:51.084559,  22.312,  21.312,  20.937,  20.687,  20.937,  19.562, 
2025-04-19 12:32:56.149077,  22.312,  21.375,  20.937,  20.687,  20.937,  19.625, 
2025-04-19 12:34:01.140454,  22.312,  21.375,  21.0,  20.687,  21.0,  19.625, 
2025-04-19 12:35:06.196527,  22.312,  21.375,  21.0,  20.687,  21.0,  19.625, 
2025-04-19 12:36:11.252496,  22.312,  21.312,  20.937,  20.687,  21.0,  19.562, 
2025-04-19 12:37:16.308609,  22.312,  21.312,  21.0,  20.687,  21.0,  19.625, 
2025-04-19 12:38:21.364475,  22.312,  21.312,  20.937,  20.625,  20.937,  19.562, 
2025-04-19 12:39:26.388450,  22.312,  21.312,  20.937,  20.625,  20.937,  19.562, 
2025-04-19 12:40:31.444492,  22.312,  21.312,  20.937,  20.625,  21.0,  19.562, 
2025-04-19 12:41:36.500490,  22.312,  21.312,  20.937,  20.625,  20.937,  19.562, 
2025-04-19 12:42:41.556471,  22.312,  21.25,  20.937,  20.625,  20.937,  19.562, 
2025-04-19 12:43:46.612503,  22.312,  21.25,  20.937,  20.625,  20.937,  19.562, 
2025-04-19 12:44:51.668488,  22.25,  21.312,  20.937,  20.625,  20.937,  19.562, 
2025-04-19 12:45:56.724452,  22.312,  21.312,  20.937,  20.562,  20.937,  19.562, 
2025-04-19 12:47:01.780497,  22.312,  21.312,  20.937,  20.562,  20.937,  19.562, 
2025-04-19 12:48:06.836516,  22.312,  21.312,  20.937,  20.562,  21.0,  19.562, 
30,                        22.312,                        21.312,                        20.937,                        20.625,                          21.0,                        19.562,
2025-04-19 12:50:30.143082,                        22.312,                        21.312,                          21.0,                        20.625,                          21.0,                        19.625,
2025-04-19 12:51:14.641604,22.375,21.375,  21.0,20.625,  21.0,19.625,
2025-04-19 12:52:19.508574,22.375,21.437,  21.0,20.625,  21.0,19.687,
2025-04-19 12:53:24.564547,22.375,21.375,  21.0,20.625,21.062,19.625,
2025-04-19 12:54:29.556455,22.375,21.375,  21.0,20.625,21.062,19.687,
2025-04-19 12:55:34.548427,22.375,21.437,  21.0,20.625,21.062,19.625,
2025-04-19 12:56:39.348430,22.375,21.437,21.062,20.625,21.125,19.687,
2025-04-19 12:57:44.148444,22.375,21.437,21.062,20.625,21.125,19.687,
2025-04-19 12:58:49.076487,22.375,21.375,  21.0,20.625,21.062,19.687,
2025-04-19 12:59:54.068430,22.312,21.375,  21.0,20.625,21.062,19.687,
2025-04-19 13:00:58.868556,22.312,21.437,  21.0,20.625,21.062,19.625,
2025-04-19 13:02:03.668433,22.312,21.375,  21.0,20.625,21.062,19.625,
2025-04-19 13:03:08.536618,22.375,21.375,20.937,20.625,21.062,19.625,
2025-04-19 13:04:13.556465,22.375,21.375,20.937,20.562,21.062,19.687,
2025-04-19 13:05:18.388447,22.312,21.375,20.937,20.625,21.062,19.625,
2025-04-19 13:06:23.188529,22.312,21.375,20.937,20.562,21.062,19.625,
2025-04-19 13:07:28.052427,22.312,21.375,20.937,20.562,21.062,19.625,
2025-04-19 13:08:33.044461,22.312,21.312,20.937,20.562,21.062,19.625,
2025-04-19 13:09:37.844450,22.312,21.375,20.937,20.562,21.062,19.625,
2025-04-19 13:10:42.644418,22.312,21.375,20.937,20.562,21.062,19.625,
2025-04-19 13:11:47.508522,22.312,21.375,20.937,20.562,21.062,19.687,
2025-04-19 13:12:52.500456,22.375,21.437,20.937,20.562,21.062,19.687,
2025-04-19 13:13:57.300391,22.375,21.437,  21.0,20.625,21.125,19.687,
2025-04-19 13:15:02.100475,22.375,21.437,  21.0,20.625,21.125,19.687,
2025-04-19 13:16:06.964432,22.375,21.437,  21.0,20.625,21.125,19.687,
2025-04-19 13:17:11.956422,22.375,21.437,21.062,20.625,21.125, 19.75,
2025-04-19 13:18:16.756459,22.437,  21.5,21.062,20.687,21.187, 19.75,
