Time, a, b, c, d, e, f
2025-04-23 12:16:36.015753,,,,10.067,,11.187
2025-04-23 12:17:01.938094,,,,10.005,,11.187
2025-04-23 12:18:01.618535,,,, 9.942,,11.187
2025-04-23 12:19:01.266305,,,,  9.88,,10.937
2025-04-23 12:20:01.925817,,,,  9.88,,10.875
2025-04-23 12:21:02.018513,,,,  9.88,, 10.75
2025-04-23 12:22:01.681954,,,,  9.88,,10.687
2025-04-23 12:23:01.394921,,,,  9.88,,10.687
2025-04-23 12:24:01.043306,,,, 9.942,,10.687
2025-04-23 12:25:01.691412,,,, 9.942,,10.687
2025-04-23 12:26:01.359307,,,,10.005,,10.687
2025-04-23 12:27:02.010778,,,,10.005,, 10.75
2025-04-23 12:28:01.682644,,,,10.005,, 10.75
2025-04-23 12:29:01.330808,,,,10.067,, 10.75
2025-04-23 12:30:01.982938,,,,10.067,, 10.75
2025-04-23 12:31:02.004382,,,, 10.13,, 10.75
2025-04-23 12:32:01.650020,,,,10.192,,10.812
2025-04-23 12:33:01.298581,,,,10.192,,10.875
2025-04-23 12:34:01.946956,,,,10.317,,10.937
2025-04-23 12:35:01.619559,,,, 10.38,,  11.0
2025-04-23 12:36:01.255523,,,,10.505,,11.125
2025-04-23 12:37:01.913426,,,, 10.63,,11.125
2025-04-23 12:38:01.575384,,,,10.755,,11.187
2025-04-23 12:39:01.223013,,,, 10.88,,11.375
2025-04-23 12:40:01.877648,,,,11.005,,  11.5
2025-04-23 12:41:01.959364,,,,11.067,,11.562
2025-04-23 12:42:01.608843,,,,11.192,,11.625
2025-04-23 12:43:01.254277,,,,11.255,,11.687
2025-04-23 12:44:01.901887,,,, 11.38,,11.687
2025-04-23 12:45:01.542817,,,, 11.38,, 11.75
2025-04-23 12:46:01.190018,,,,11.442,, 11.75
2025-04-23 12:47:01.838316,,,,11.442,, 11.75
2025-04-23 12:48:01.477176,,,,11.442,,11.687
2025-04-23 12:49:01.136809,,,, 11.38,,11.687
2025-04-23 12:50:01.860400,,,,11.317,,11.687
2025-04-23 12:51:01.960487,,,,11.255,,11.625
2025-04-23 12:52:01.618535,,,, 11.13,,11.562
2025-04-23 12:53:01.263801,,,,11.067,,  11.5
2025-04-23 12:54:01.914452,,,,10.942,,11.437
2025-04-23 12:55:01.589417,,,, 10.88,,11.437
2025-04-23 12:56:01.234803,,,,10.817,,11.375
2025-04-23 12:57:01.946411,,,,10.817,,11.312
2025-04-23 12:58:01.619167,,,,10.755,, 11.25
2025-04-23 12:59:01.267144,,,,10.692,, 11.25
2025-04-23 13:00:01.925204,,,, 10.63,,11.187
2025-04-23 13:01:01.103949,,,, 10.63,,11.187
2025-04-23 13:02:01.754898,,,,10.567,,11.125
2025-04-23 13:03:01.426993,,,,10.567,,11.125
2025-04-23 13:04:01.138869,,,,10.505,,11.062
2025-04-23 13:05:01.790256,,,,10.505,,11.062
2025-04-23 13:06:01.455860,,,,10.442,,11.062
2025-04-23 13:07:01.105427,,,,10.442,,11.062
2025-04-23 13:08:01.753917,,,,10.442,,11.062
2025-04-23 13:09:01.425450,,,, 10.38,,  11.0
2025-04-23 13:10:01.079430,,,, 10.38,,  11.0
2025-04-23 13:11:01.080513,,,, 10.38,,10.937
2025-04-23 13:12:01.722143,,,, 10.38,,10.937
2025-04-23 13:13:01.394829,,,, 10.38,,10.937
2025-04-23 13:14:01.043014,,,,10.317,,10.875
2025-04-23 13:15:01.694513,,,,10.317,,10.875
2025-04-23 13:16:01.360343,,,,10.255,,10.812
2025-04-23 13:17:02.012416,,,,10.192,,10.812
2025-04-23 13:18:01.750499,,,,10.255,, 10.75
2025-04-23 13:19:01.394406,,,,10.192,,10.812
2025-04-23 13:20:01.047037,,,,10.192,,10.812
2025-04-23 13:21:01.118555,,,,10.192,, 10.75
2025-04-23 13:22:01.787141,,,,10.317,,10.937
2025-04-23 13:23:01.455341,,,,10.505,,11.125
2025-04-23 13:24:01.152550,,,, 10.63,,11.312
2025-04-23 13:25:01.859661,,,,10.692,,11.375
2025-04-23 13:26:01.591042,,,,10.692,, 11.25
2025-04-23 13:27:01.234576,,,,10.692,,11.187
2025-04-23 13:28:01.880932,,,, 10.63,,11.125
2025-04-23 13:29:01.522084,,,, 10.63,,11.062
2025-04-23 13:30:01.175999,,,, 10.63,,11.062
2025-04-23 13:31:01.193033,,,, 10.63,,11.062
2025-04-23 13:32:01.850145,,,, 10.63,,11.062
2025-04-23 13:33:01.522132,,,,10.692,,11.062
2025-04-23 13:34:01.169944,,,, 10.63,,11.125
2025-04-23 13:35:01.818426,,,,10.692,,11.125
2025-04-23 13:36:01.490939,,,,10.692,,11.125
2025-04-23 13:37:01.138092,,,,10.692,,11.062
2025-04-23 13:38:01.849919,,,,10.692,,11.062
2025-04-23 13:39:01.522175,,,, 10.63,,  11.0
2025-04-23 13:40:01.171432,,,,10.567,,  11.0
2025-04-23 13:41:01.144973,,,,10.567,,  11.0
2025-04-23 13:42:01.817264,,,,10.505,,10.937
2025-04-23 13:43:01.489818,,,,10.442,,10.875
2025-04-23 13:44:01.138052,,,,10.442,,10.875
2025-04-23 13:45:01.849784,,,, 10.38,,10.875
2025-04-23 13:46:01.554810,,,,10.317,,10.812
2025-04-23 13:47:01.202638,,,,10.317,,10.812
2025-04-23 13:48:01.850998,,,,10.317,,10.812
2025-04-23 13:49:01.521422,,,,10.317,,10.812
2025-04-23 13:50:01.174840,,,,10.317,,10.812
2025-04-23 13:51:01.206407,,,,10.255,, 10.75
2025-04-23 13:52:01.914284,,,,10.255,, 10.75
2025-04-23 13:53:01.587304,,,,10.255,, 10.75
2025-04-23 13:54:01.234513,,,,10.255,, 10.75
2025-04-23 13:55:01.882932,,,,10.255,, 10.75
2025-04-23 13:56:01.554064,,,,10.317,, 10.75
2025-04-23 13:57:01.201763,,,,10.255,, 10.75
2025-04-23 13:58:01.850376,,,,10.255,, 10.75
2025-04-23 13:59:01.593089,,,,10.192,,10.687
2025-04-23 14:00:01.277034,,,,10.192,,10.625
2025-04-23 14:01:01.461796,,,, 10.13,,10.625
2025-04-23 14:02:01.106022,,,,10.067,,10.562
2025-04-23 14:03:01.754313,,,,10.005,,10.562
2025-04-23 14:04:01.426166,,,,10.005,,  10.5
2025-04-23 14:05:01.079407,,,, 9.942,,  10.5
2025-04-23 14:06:01.313197,,,, 9.942,,10.437
2025-04-23 14:07:01.978361,,,,  9.88,,10.437
2025-04-23 14:08:01.650935,,,, 9.817,,10.375
2025-04-23 14:09:01.292926,,,, 9.817,,10.375
2025-04-23 14:10:01.952672,,,, 9.755,,10.375
2025-04-23 14:11:01.934881,,,, 9.692,,10.312
2025-04-23 14:12:01.585997,,,, 9.692,, 10.25
2025-04-23 14:13:01.234292,,,, 9.692,, 10.25
2025-04-23 14:14:01.881441,,,,  9.63,, 10.25
2025-04-23 14:15:01.553458,,,,  9.63,,10.187
2025-04-23 14:16:01.205383,,,,  9.63,,10.187
2025-04-23 14:17:01.860044,,,, 9.567,,10.187
2025-04-23 14:18:01.521211,,,,  9.63,,10.187
2025-04-23 14:19:01.224371,,,,  9.63,,10.187
2025-04-23 14:20:01.877237,,,, 9.692,,10.187
2025-04-23 14:21:01.888720,,,, 9.692,,10.187
2025-04-23 14:22:01.543918,,,, 9.692,,10.187
2025-04-23 14:23:01.192330,,,, 9.692,,10.187
2025-04-23 14:24:01.837940,,,,  9.63,,10.187
2025-04-23 14:25:01.480764,,,, 9.755,,10.187
2025-04-23 14:26:01.500930,,,, 9.817,,10.312
2025-04-23 14:27:01.158400,,,,  9.88,,10.375
2025-04-23 14:28:01.806290,,,,10.005,,  10.5
2025-04-23 14:29:01.445712,,,,10.005,,10.562
2025-04-23 14:30:01.099301,,,,10.067,,10.625
2025-04-23 14:31:01.113037,,,,10.192,, 10.75
2025-04-23 14:32:01.784222,,,,10.317,,10.875
2025-04-23 14:33:01.519681,,,,10.442,,  11.0
2025-04-23 14:34:01.157075,,,,10.567,,11.062
2025-04-23 14:35:01.817271,,,, 10.63,,11.125
2025-04-23 14:36:01.487682,,,,10.692,,11.187
2025-04-23 14:37:01.137974,,,, 10.63,,11.187
2025-04-23 14:38:01.786608,,,, 10.63,,11.187
2025-04-23 14:39:01.458007,,,,10.692,, 11.25
2025-04-23 14:40:01.111367,,,,10.692,,11.125
2025-04-23 14:41:01.256681,,,, 10.63,,11.062
2025-04-23 14:42:01.913380,,,,10.505,,10.937
2025-04-23 14:43:01.595338,,,,10.442,,10.875
2025-04-23 14:44:01.264387,,,, 10.38,,10.875
2025-04-23 14:45:01.913495,,,,10.317,, 10.75
2025-04-23 14:46:01.585174,,,,10.255,, 10.75
2025-04-23 14:47:01.232452,,,,10.192,,10.687
2025-04-23 14:48:01.880786,,,, 10.13,,10.625
2025-04-23 14:49:01.522135,,,, 10.13,,10.562
2025-04-23 14:50:01.173992,,,,10.067,,  10.5
2025-04-23 14:51:01.233866,,,,10.067,,  10.5
2025-04-23 14:52:01.879210,,,,10.005,,10.437
2025-04-23 14:53:01.522843,,,,10.005,,10.437
2025-04-23 14:54:01.170627,,,, 9.942,,10.437
2025-04-23 14:55:01.823802,,,,  9.88,,10.375
2025-04-23 14:56:01.489943,,,,  9.88,,10.375
2025-04-23 14:57:01.137739,,,, 9.817,,10.312
2025-04-23 14:58:01.785480,,,, 9.755,,10.312
2025-04-23 14:59:01.456740,,,, 9.692,, 10.25
2025-04-23 15:00:01.181505,,,, 9.692,, 10.25
2025-04-23 15:01:01.988574,,,,  9.63,,10.187
2025-04-23 15:02:01.650414,,,,  9.63,,10.187
2025-04-23 15:03:01.297972,,,,  9.63,,10.125
2025-04-23 15:04:01.946944,,,, 9.567,,10.062
2025-04-23 15:05:01.622649,,,, 9.567,,10.062
2025-04-23 15:06:01.304881,,,, 9.567,,10.062
2025-04-23 15:07:01.946128,,,, 9.567,,10.062
2025-04-23 15:08:01.619527,,,, 9.567,,10.062
2025-04-23 15:09:01.266835,,,, 9.567,,10.062
2025-04-23 15:10:01.919460,,,, 9.567,,10.062
2025-04-23 15:11:01.956815,,,, 9.567,,10.062
2025-04-23 15:12:01.623015,,,, 9.567,,10.125
2025-04-23 15:13:01.298331,,,,  9.63,,10.125
2025-04-23 15:14:01.946416,,,,  9.63,,10.125
2025-04-23 15:15:01.618963,,,,  9.63,,10.125
2025-04-23 15:16:01.266943,,,,  9.63,,10.187
2025-04-23 15:17:01.916617,,,, 9.692,,10.187
2025-04-23 15:18:01.587517,,,, 9.692,,10.187
2025-04-23 15:19:01.235092,,,, 9.692,,10.125
2025-04-23 15:20:01.894232,,,, 9.692,,10.125
2025-04-23 15:21:01.955757,,,, 9.692,,10.187
2025-04-23 15:22:01.618691,,,, 9.692,,10.187
2025-04-23 15:23:01.265861,,,, 9.692,,10.187
2025-04-23 15:24:01.914301,,,, 9.692,,10.125
2025-04-23 15:25:01.588793,,,,  9.63,,10.125
2025-04-23 15:26:01.233492,,,,  9.63,,10.125
2025-04-23 15:27:01.952113,,,, 9.567,,10.125
2025-04-23 15:28:01.618077,,,, 9.567,,10.062
2025-04-23 15:29:01.266388,,,, 9.567,,10.062
2025-04-23 15:30:01.916912,,,, 9.567,,10.062
2025-04-23 15:31:01.991140,,,, 9.505,,10.062
2025-04-23 15:32:01.649676,,,, 9.505,,10.062
2025-04-23 15:33:01.287625,,,, 9.442,,  10.0
2025-04-23 15:34:02.009577,,,, 9.442,,  10.0
2025-04-23 15:35:01.672173,,,, 9.442,,  10.0
2025-04-23 15:36:01.320691,,,,  9.38,, 9.937
2025-04-23 15:37:01.967662,,,,  9.38,, 9.937
2025-04-23 15:38:01.608061,,,, 9.317,, 9.937
2025-04-23 15:39:01.254575,,,, 9.317,, 9.937
2025-04-23 15:40:01.908435,,,, 9.255,, 9.937
2025-04-23 15:41:01.963305,,,, 9.255,, 9.812
2025-04-23 15:42:01.606274,,,, 9.255,, 9.812
2025-04-23 15:43:01.253864,,,, 9.255,, 9.812
2025-04-23 15:44:01.901558,,,, 9.255,, 9.812
2025-04-23 15:45:01.542631,,,, 9.255,, 9.875
2025-04-23 15:46:01.199571,,,, 9.317,, 9.812
2025-04-23 15:47:01.912112,,,,  9.38,, 9.937
2025-04-23 15:48:01.583957,,,, 9.505,, 9.937
2025-04-23 15:49:01.232155,,,, 9.567,,10.062
2025-04-23 15:50:01.917763,,,, 9.567,,10.125
2025-04-23 15:51:02.005166,,,, 9.692,,10.187
2025-04-23 15:52:01.674848,,,, 9.755,,10.187
2025-04-23 15:53:01.331705,,,, 9.755,, 10.25
2025-04-23 15:54:01.042692,,,, 9.817,, 10.25
2025-04-23 15:55:01.689562,,,, 9.817,, 10.25
2025-04-23 15:56:01.361483,,,,  9.88,, 10.25
2025-04-23 15:57:02.015666,,,,  9.88,, 10.25
2025-04-23 15:58:01.681681,,,, 9.817,, 10.25
2025-04-23 15:59:01.331481,,,,  9.88,, 10.25
2025-04-23 16:00:01.985023,,,, 9.817,, 10.25
2025-04-23 16:01:01.130641,,,, 9.817,,10.187
2025-04-23 16:02:01.786862,,,, 9.817,, 10.25
2025-04-23 16:03:01.458726,,,, 9.817,, 10.25
2025-04-23 16:04:01.105766,,,,  9.88,, 10.25
2025-04-23 16:05:01.755292,,,, 9.817,, 10.25
2025-04-23 16:06:01.424007,,,, 9.817,, 10.25
2025-04-23 16:07:01.075374,,,, 9.817,, 10.25
2025-04-23 16:08:01.785771,,,, 9.817,,10.187
2025-04-23 16:09:01.458029,,,, 9.755,,10.187
2025-04-23 16:10:01.109523,,,, 9.755,,10.187
2025-04-23 16:11:01.193319,,,, 9.755,,10.187
2025-04-23 16:12:01.850376,,,, 9.755,,10.125
2025-04-23 16:13:01.521941,,,, 9.755,,10.187
2025-04-23 16:14:01.170431,,,, 9.755,,10.187
2025-04-23 16:15:01.927555,,,, 9.755,, 10.25
2025-04-23 16:16:01.584765,,,, 9.755,, 10.25
2025-04-23 16:17:01.235037,,,, 9.817,, 10.25
2025-04-23 16:18:01.881970,,,,  9.88,, 10.25
2025-04-23 16:19:01.554762,,,, 9.817,, 10.25
2025-04-23 16:20:01.205384,,,,  9.88,, 10.25
2025-04-23 16:21:01.266901,,,,  9.88,, 10.25
2025-04-23 16:22:01.977039,,,,  9.88,, 10.25
2025-04-23 16:23:01.704560,,,,  9.88,,10.312
2025-04-23 16:24:01.362135,,,,  9.88,,10.312
2025-04-23 16:25:02.011861,,,, 9.942,,10.312
2025-04-23 16:26:01.680076,,,, 9.942,,10.375
2025-04-23 16:27:01.330459,,,,10.005,,10.375
2025-04-23 16:28:01.979081,,,,10.005,,10.437
2025-04-23 16:29:01.650769,,,,10.005,,10.375
2025-04-23 16:30:01.302410,,,,10.005,,10.375
2025-04-23 16:31:01.300137,,,, 9.942,,10.375
2025-04-23 16:32:01.946922,,,, 9.942,,10.375
2025-04-23 16:33:01.618187,,,, 9.942,,10.375
2025-04-23 16:34:01.266187,,,, 9.942,,10.375
2025-04-23 16:35:01.914524,,,, 9.942,,10.437
2025-04-23 16:36:01.586484,,,,10.005,,10.437
2025-04-23 16:37:01.234508,,,,10.067,,  10.5
2025-04-23 16:38:01.881950,,,,10.067,,10.437
2025-04-23 16:39:01.554217,,,,10.192,,10.312
2025-04-23 16:40:01.196913,,,, 10.13,, 10.25
2025-04-23 16:41:01.352085,,,, 10.13,,10.187
2025-04-23 16:42:02.011371,,,,10.067,,10.062
2025-04-23 16:43:01.686191,,,, 10.13,,10.125
2025-04-23 16:44:01.330733,,,,10.067,,  10.0
2025-04-23 16:45:01.982323,,,,  9.88,, 9.937
2025-04-23 16:46:01.650941,,,,  9.88,, 9.937
2025-04-23 16:47:01.299093,,,, 9.817,, 9.875
2025-04-23 16:48:01.945976,,,, 9.692,, 9.812
2025-04-23 16:49:01.617313,,,,  9.63,, 9.875
2025-04-23 16:50:01.324062,,,, 9.505,, 9.875
2025-04-23 16:51:01.388011,,,, 9.567,, 9.875
2025-04-23 16:52:01.031556,,,, 9.505,, 9.812
2025-04-23 16:53:01.677414,,,, 9.505,,  9.75
2025-04-23 16:54:01.320021,,,, 9.567,,  9.75
2025-04-23 16:55:01.965043,,,, 9.442,,  9.75
2025-04-23 16:56:01.605182,,,, 9.505,, 9.687
2025-04-23 16:57:01.318060,,,, 9.505,, 9.687
2025-04-23 16:58:01.965813,,,, 9.442,, 9.625
2025-04-23 16:59:01.605784,,,,  9.38,, 9.562
2025-04-23 17:00:01.265878,,,, 9.317,,   9.5
2025-04-23 17:01:01.326389,,,, 9.317,,   9.5
2025-04-23 17:02:01.965278,,,,  9.13,, 9.375
2025-04-23 17:03:01.612386,,,,  9.13,, 9.375
2025-04-23 17:04:01.327089,,,, 9.067,,9.312000000000001
2025-04-23 17:05:01.980273,,,, 9.067,,9.312000000000001
2025-04-23 17:06:01.647273,,,, 9.067,,9.312000000000001
2025-04-23 17:07:01.297409,,,, 9.067,,9.312000000000001
2025-04-23 17:08:01.945251,,,,  9.13,,9.312000000000001
2025-04-23 17:09:01.617183,,,, 9.067,,9.312000000000001
2025-04-23 17:10:01.271049,,,, 9.067,,  9.25
2025-04-23 17:11:01.394008,,,, 9.067,,  9.25
2025-04-23 17:12:01.041660,,,, 9.005,,9.312000000000001
2025-04-23 17:13:01.692877,,,, 9.067,,9.312000000000001
2025-04-23 17:14:01.361522,,,, 9.067,,9.312000000000001
2025-04-23 17:15:02.013554,,,, 9.067,,9.312000000000001
2025-04-23 17:16:01.728080,,,, 9.067,, 9.375
2025-04-23 17:17:01.396196,,,, 9.067,, 9.375
2025-04-23 17:18:01.043011,,,, 9.192,, 9.375
2025-04-23 17:19:01.688873,,,,  9.13,, 9.375
2025-04-23 17:20:01.335150,,,,  9.13,, 9.375
2025-04-23 17:21:01.315412,,,,  9.13,, 9.375
2025-04-23 17:22:01.978043,,,,  9.13,, 9.375
2025-04-23 17:23:01.650445,,,,  9.13,, 9.375
2025-04-23 17:24:01.298164,,,, 9.067,,9.312000000000001
2025-04-23 17:25:01.949485,,,, 9.067,,  9.25
2025-04-23 17:26:01.616808,,,, 9.067,,  9.25
2025-04-23 17:27:01.265359,,,, 9.005,,  9.25
2025-04-23 17:28:01.913353,,,, 8.942,,9.187000000000001
2025-04-23 17:29:01.585337,,,, 8.942,, 9.125
2025-04-23 17:30:01.239296,,,, 8.942,, 9.125
2025-04-23 17:31:01.267348,,,, 8.942,, 9.125
2025-04-23 17:32:01.908840,,,, 8.942,,9.187000000000001
2025-04-23 17:33:01.552579,,,, 8.942,, 9.125
2025-04-23 17:34:01.201572,,,, 8.942,, 9.125
2025-04-23 17:35:01.849488,,,, 8.942,, 9.125
2025-04-23 17:36:01.519085,,,, 8.942,,9.062000000000001
2025-04-23 17:37:01.169181,,,,  8.88,,9.062000000000001
2025-04-23 17:38:01.818934,,,, 8.817,,   9.0
2025-04-23 17:39:01.489795,,,,  8.88,,   9.0
2025-04-23 17:40:01.142924,,,, 8.817,,   9.0
2025-04-23 17:41:01.128160,,,,  0.38,,   1.5
2025-04-23 17:42:01.846517,83.825,,,  9.13,,  9.25
2025-04-23 17:42:19.915439,83.825,,,  9.13,,  9.25
2025-04-23 17:42:38.712299,9.886999999999999,,,  9.13,,  9.25
2025-04-23 17:42:46.483008,9.761999999999999,,,  9.13,,  9.25
2025-04-23 17:43:01.290629,9.761999999999999,,, 9.192,,  9.25
2025-04-23 17:44:01.746202,9.636999999999999,,, 9.192,,9.312000000000001
2025-04-23 17:45:01.194946,9.511999999999999,,,  9.13,,9.312000000000001
2025-04-23 17:46:01.747164,9.386999999999999,,,  9.13,, 9.375
2025-04-23 17:47:01.194281,9.386999999999999,,, 9.067,,9.312000000000001
2025-04-23 17:48:01.650686,9.386999999999999,,, 9.005,,9.312000000000001
2025-04-23 17:49:01.098469,9.386999999999999,,, 8.942,, 9.375
2025-04-23 17:50:01.558227,9.386999999999999,,,  8.88,,9.312000000000001
2025-04-23 17:51:01.630228, 9.325,,,  8.88,,9.312000000000001
2025-04-23 17:52:06.190238, 9.325,,,  8.88,,9.312000000000001
2025-04-23 17:53:01.705962, 9.325,,,  8.88,,9.312000000000001
2025-04-23 17:54:01.156482,9.261999999999999,,,  8.88,,9.312000000000001
2025-04-23 17:55:01.708976,9.261999999999999,,, 8.817,,9.312000000000001
2025-04-23 17:56:01.156956,9.261999999999999,,, 8.817,,  9.25
2025-04-23 17:57:01.613130,   9.2,,, 8.755,,  9.25
2025-04-23 17:58:01.066852,   9.2,,, 8.755,,  9.25
2025-04-23 17:59:01.515327,   9.2,,, 8.692,,9.187000000000001
2025-04-23 18:00:01.976214,9.136999999999999,,, 8.692,,9.187000000000001
2025-04-23 18:01:01.087469,9.136999999999999,,,  8.63,,9.187000000000001
2025-04-23 18:02:01.552399, 9.075,,,  8.63,, 9.125
2025-04-23 18:03:01.994681, 9.075,,,  8.63,,9.187000000000001
2025-04-23 18:04:01.443580,9.011999999999999,,,  8.63,, 9.125
2025-04-23 18:05:01.904275,9.011999999999999,,, 8.567,, 9.125
2025-04-23 18:06:01.357276,9.011999999999999,,, 8.567,, 9.125
2025-04-23 18:07:01.813834,  8.95,,, 8.505,,9.062000000000001
2025-04-23 18:08:01.357479,  8.95,,, 8.505,,9.062000000000001
2025-04-23 18:09:01.813942,  8.95,,, 8.442,,9.062000000000001
2025-04-23 18:10:01.265191,8.886999999999999,,, 8.505,,9.062000000000001
2025-04-23 18:11:01.351950,8.886999999999999,,, 8.442,,   9.0
2025-04-23 18:12:01.815047,8.886999999999999,,, 8.442,,   9.0
2025-04-23 18:13:01.262391, 8.825,,,  8.38,,8.937000000000001
2025-04-23 18:14:01.814203,8.636999999999999,,,  8.38,,8.937000000000001
2025-04-23 18:15:01.262699,8.761999999999999,,, 8.317,,8.937000000000001
2025-04-23 18:16:01.722612, 8.825,,, 8.317,, 8.875
2025-04-23 18:17:01.169454, 8.825,,, 8.317,, 8.875
2025-04-23 18:18:01.622510,8.761999999999999,,, 8.255,,8.812000000000001
2025-04-23 18:19:01.117090,8.761999999999999,,, 8.255,,8.812000000000001
2025-04-23 18:20:01.659152,   8.7,,, 8.192,,8.812000000000001
2025-04-23 18:21:01.719885,   8.7,,, 8.192,,  8.75
2025-04-23 18:22:01.166552,   8.7,,, 8.192,,  8.75
2025-04-23 18:23:01.622053,   8.7,,, 8.192,,  8.75
2025-04-23 18:24:01.069401,8.761999999999999,,,  8.13,,  8.75
2025-04-23 18:25:01.526187,   8.7,,,  8.13,,8.687000000000001
2025-04-23 18:26:01.975013,   8.7,,,  8.13,,8.687000000000001
2025-04-23 18:27:01.518555,   8.7,,,  8.13,,8.687000000000001
2025-04-23 18:28:01.974214,8.636999999999999,,, 8.067,,8.687000000000001
2025-04-23 18:29:01.422215,8.636999999999999,,, 8.067,, 8.625
2025-04-23 18:30:01.883722,8.636999999999999,,, 8.067,,8.562000000000001
2025-04-23 18:31:01.944681, 8.575,,, 8.005,,8.562000000000001
2025-04-23 18:32:01.387403, 8.575,,, 8.005,,   8.5
2025-04-23 18:33:01.942302, 8.575,,, 7.942,,   8.5
2025-04-23 18:34:01.391700,8.511999999999999,,,  7.88,,   8.5
2025-04-23 18:35:01.841457,8.511999999999999,,,  7.88,,8.437000000000001
2025-04-23 18:36:01.295131,8.386999999999999,,, 7.817,,8.437000000000001
2025-04-23 18:37:01.751345,83.825,,, 7.817,,8.437000000000001
2025-04-23 18:38:01.199429,83.825,,, 7.817,, 8.375
2025-04-23 18:39:01.761103,83.825,,, 7.755,, 8.375
2025-04-23 18:40:01.236269,83.825,,, 7.755,, 8.375
2025-04-23 18:41:01.283771,83.825,,, 7.755,,8.312000000000001
2025-04-23 18:42:01.752188,83.825,,, 7.755,,8.312000000000001
2025-04-23 18:43:01.199273,83.825,,, 7.692,,8.312000000000001
2025-04-23 18:44:01.655535,83.825,,, 7.755,,8.312000000000001
2025-04-23 18:45:01.103601,83.825,,, 7.692,,8.312000000000001
2025-04-23 18:46:01.623846,83.825,,, 7.692,,  8.25
2025-04-23 18:47:01.071651,83.825,,, 7.692,,  8.25
2025-04-23 18:48:01.526604,83.825,,, 7.692,,8.187000000000001
2025-04-23 18:49:01.975054,83.825,,,  7.63,,8.187000000000001
2025-04-23 18:50:01.428379,83.825,,,  7.63,,8.187000000000001
2025-04-23 18:51:01.456699,83.825,,,  7.63,,8.187000000000001
2025-04-23 18:52:02.007890,83.825,,,  7.63,,8.187000000000001
2025-04-23 18:53:01.455165,83.825,,,  7.63,,8.187000000000001
2025-04-23 18:54:01.911695,83.825,,,  7.63,,8.187000000000001
2025-04-23 18:55:01.359617,83.825,,, 7.567,, 8.125
2025-04-23 18:56:01.815799,83.825,,, 7.567,,8.187000000000001
2025-04-23 18:57:01.263422,83.825,,, 7.567,, 8.125
2025-04-23 18:58:01.814455,83.825,,, 7.567,, 8.125
2025-04-23 18:59:01.262927,83.825,,, 7.567,, 8.125
2025-04-23 19:00:01.728879,83.825,,, 7.567,,8.062000000000001
2025-04-23 19:01:01.872045,83.825,,, 7.567,,8.062000000000001
2025-04-23 19:02:01.326447,83.825,,, 7.505,,8.062000000000001
2025-04-23 19:03:01.784090,83.825,,, 7.505,,8.062000000000001
2025-04-23 19:04:01.231143,83.825,,, 7.505,,8.062000000000001
2025-04-23 19:05:01.754985,83.825,,, 7.505,,   8.0
2025-04-23 19:06:01.228808,83.825,,, 7.505,,   8.0
2025-04-23 19:07:01.687743,83.825,,, 7.505,,   8.0
2025-04-23 19:08:01.125361,83.825,,, 7.505,,   8.0
2025-04-23 19:09:01.581419,83.825,,, 7.505,,   8.0
2025-04-23 19:10:01.033912,83.825,,, 7.505,,   8.0
2025-04-23 19:11:01.043628,83.825,,, 7.505,, 7.937
2025-04-23 19:12:01.485312,83.825,,, 7.442,, 7.875
2025-04-23 19:13:01.933349,83.825,,, 7.442,, 7.875
2025-04-23 19:14:01.380293,83.825,,, 7.442,, 7.875
2025-04-23 19:15:01.833722,83.825,,,  7.38,, 7.812
2025-04-23 19:16:01.283744,83.825,,,  7.38,, 7.812
2025-04-23 19:17:01.882238,83.825,,,  7.38,, 7.812
2025-04-23 19:18:01.314813,83.825,,,  7.38,,  7.75
2025-04-23 19:19:01.771893,83.825,,,  7.38,, 7.812
2025-04-23 19:20:01.270309,83.825,,,  7.38,, 7.812
2025-04-23 19:21:01.307659,83.825,,,  7.38,,  7.75
2025-04-23 19:22:01.781110,83.825,,,  7.38,, 7.812
2025-04-23 19:23:01.228878,83.825,,, 7.317,,  7.75
2025-04-23 19:24:01.749223,83.825,,,  7.38,, 7.812
2025-04-23 19:25:01.199034,83.825,,,  7.38,, 7.812
2025-04-23 19:26:01.670860,83.825,,,  7.38,, 7.812
2025-04-23 19:27:01.133042,83.825,,,  7.38,, 7.812
2025-04-23 19:28:01.591456,83.825,,,  7.38,, 7.812
2025-04-23 19:29:01.037927,83.825,,, 7.442,, 7.812
2025-04-23 19:30:01.570562,83.825,,, 7.442,, 7.812
2025-04-23 19:31:01.682115,83.825,,, 7.442,, 7.812
2025-04-23 19:32:01.134908,83.825,,, 7.442,, 7.812
2025-04-23 19:33:01.588893,83.825,,, 7.442,, 7.812
2025-04-23 19:34:02.039561,83.825,,, 7.442,, 7.812
2025-04-23 19:35:01.488282,83.825,,, 7.442,, 7.812
2025-04-23 19:36:02.038902,83.825,,, 7.442,,  7.75
2025-04-23 19:37:01.487635,83.825,,,  7.38,,  7.75
2025-04-23 19:38:01.953507,83.825,,,  7.38,,  7.75
2025-04-23 19:39:01.423874,83.825,,,  7.38,,  7.75
2025-04-23 19:40:01.884277,83.825,,,  7.38,, 7.687
2025-04-23 19:41:01.931936,83.825,,, 7.317,, 7.687
2025-04-23 19:42:01.390285,83.825,,, 7.317,, 7.687
2025-04-23 19:43:01.847041,83.825,,, 7.317,, 7.687
2025-04-23 19:44:01.295584,83.825,,, 7.317,, 7.687
2025-04-23 19:45:01.751444,83.825,,, 7.317,, 7.687
2025-04-23 19:46:01.199010,83.825,,, 7.317,, 7.625
2025-04-23 19:47:01.655168,83.825,,, 7.255,, 7.625
2025-04-23 19:48:01.103535,83.825,,, 7.255,, 7.625
2025-04-23 19:49:01.623563,83.825,,, 7.255,, 7.625
2025-04-23 19:50:01.077409,83.825,,, 7.255,, 7.625
2025-04-23 19:51:01.076035,83.825,,, 7.192,, 7.562
2025-04-23 19:52:01.526850,83.825,,, 7.192,, 7.562
2025-04-23 19:53:01.975056,83.825,,, 7.192,, 7.562
2025-04-23 19:54:01.422544,83.825,,,  7.13,, 7.562
2025-04-23 19:55:01.974576,83.825,,, 7.192,,   7.5
2025-04-23 19:56:01.422900,83.825,,,  7.13,,   7.5
2025-04-23 19:57:01.878440,83.825,,,  7.13,,   7.5
2025-04-23 19:58:01.326047,83.825,,,  7.13,,   7.5
2025-04-23 19:59:01.782171,83.825,,,  7.13,,   7.5
2025-04-23 20:00:01.241054,83.825,,,  7.13,, 7.437
2025-04-23 20:01:01.309163,83.825,,,  7.13,, 7.437
2025-04-23 20:02:01.751971,83.825,,,  7.13,, 7.437
2025-04-23 20:03:01.199783,83.825,,,  7.13,, 7.437
2025-04-23 20:04:01.655581,83.825,,, 7.067,, 7.375
2025-04-23 20:05:01.107891,83.825,,, 7.067,, 7.437
2025-04-23 20:06:01.554747,83.825,,, 7.067,, 7.375
2025-04-23 20:07:02.006546,83.825,,, 7.005,, 7.375
2025-04-23 20:08:01.550312,83.825,,, 7.067,, 7.312
2025-04-23 20:09:02.006289,83.825,,, 7.005,, 7.312
2025-04-23 20:10:01.458763,83.825,,, 7.005,, 7.312
2025-04-23 20:11:01.538516,83.825,,, 7.005,, 7.312
2025-04-23 20:12:02.007100,83.825,,, 6.942,,  7.25
2025-04-23 20:13:01.455972,83.825,,, 6.942,,  7.25
2025-04-23 20:14:02.008061,83.825,,, 6.942,,  7.25
2025-04-23 20:15:01.455147,83.825,,, 6.942,,  7.25
2025-04-23 20:16:01.910781,83.825,,, 6.942,,  7.25
2025-04-23 20:17:01.360403,83.825,,,  6.88,,  7.25
2025-04-23 20:18:01.814143,83.825,,,  6.88,, 7.187
2025-04-23 20:19:01.262063,83.825,,,  6.88,, 7.187
2025-04-23 20:20:01.819223,83.825,,,  6.88,, 7.187
2025-04-23 20:21:01.893190,83.825,,,  6.88,, 7.187
2025-04-23 20:22:01.362978,83.825,,,  6.88,, 7.125
2025-04-23 20:23:01.814861,83.825,,, 6.817,, 7.125
2025-04-23 20:24:01.252507,83.825,,, 6.817,, 7.125
2025-04-23 20:25:01.711481,83.825,,, 6.817,, 7.062
2025-04-23 20:26:01.156874,83.825,,, 6.817,, 7.062
2025-04-23 20:27:01.677950,83.825,,, 6.817,, 7.062
2025-04-23 20:28:01.125896,83.825,,, 6.817,, 7.062
2025-04-23 20:29:01.581451,83.825,,, 6.755,, 7.062
2025-04-23 20:30:02.034856,83.825,,, 6.755,, 7.062
2025-04-23 20:31:01.079131,83.825,,, 6.755,, 7.062
2025-04-23 20:32:01.515548,83.825,,, 6.755,,   7.0
2025-04-23 20:33:01.058836,83.825,,, 6.755,,   7.0
2025-04-23 20:34:01.515491,83.825,,, 6.755,,   7.0
2025-04-23 20:35:01.962585,83.825,,, 6.692,,   7.0
2025-04-23 20:36:01.432416,83.825,,, 6.692,, 6.937
2025-04-23 20:37:01.872762,83.825,,, 6.692,, 6.937
2025-04-23 20:38:01.325120,83.825,,, 6.692,, 6.937
2025-04-23 20:39:01.910752,83.825,,,  6.63,, 6.937
2025-04-23 20:40:01.374042,83.825,,,  6.63,, 6.937
2025-04-23 20:41:01.457426,83.825,,,  6.63,, 6.875
2025-04-23 20:42:01.908501,83.825,,, 6.567,, 6.875
2025-04-23 20:43:01.356017,83.825,,, 6.567,, 6.875
2025-04-23 20:44:01.815209,83.825,,, 6.567,, 6.812
2025-04-23 20:45:01.263866,83.825,,, 6.567,, 6.812
2025-04-23 20:46:01.782306,83.825,,, 6.505,, 6.812
2025-04-23 20:47:01.229858,83.825,,, 6.505,, 6.812
2025-04-23 20:48:01.687288,83.825,,, 6.505,,  6.75
2025-04-23 20:49:01.134985,83.825,,, 6.505,,  6.75
2025-04-23 20:50:01.595879,83.825,,, 6.442,,  6.75
2025-04-23 20:51:01.620962,83.825,,, 6.442,,  6.75
2025-04-23 20:52:01.166094,83.825,,, 6.442,,  6.75
2025-04-23 20:53:01.622557,83.825,,,  6.38,, 6.687
2025-04-23 20:54:01.070302,83.825,,,  6.38,, 6.687
2025-04-23 20:55:01.526305,83.825,,, 6.442,, 6.687
2025-04-23 20:56:01.974762,83.825,,,  6.38,, 6.687
2025-04-23 20:57:01.422876,83.825,,,  6.38,, 6.687
2025-04-23 20:58:01.974629,83.825,,,  6.38,, 6.625
2025-04-23 20:59:01.423316,83.825,,, 6.317,, 6.625
2025-04-23 21:00:01.891261,83.825,,, 6.317,, 6.625
2025-04-23 21:01:02.031485,83.825,,, 6.317,, 6.625
2025-04-23 21:02:01.487869,83.825,,, 6.317,, 6.625
2025-04-23 21:03:01.936969,83.825,,, 6.317,, 6.625
2025-04-23 21:04:01.390813,83.825,,, 6.317,, 6.562
2025-04-23 21:05:01.916102,83.825,,, 6.255,, 6.562
2025-04-23 21:06:01.390691,83.825,,, 6.255,,   6.5
2025-04-23 21:07:01.847541,83.825,,, 6.255,,   6.5
2025-04-23 21:08:01.295417,83.825,,, 6.255,,   6.5
2025-04-23 21:09:01.750639,83.825,,, 6.255,,   6.5
2025-04-23 21:10:01.203510,83.825,,, 6.255,,   6.5
2025-04-23 21:11:01.210967,83.825,,, 6.255,,   6.5
2025-04-23 21:12:01.655680,83.825,,, 6.192,, 6.437
2025-04-23 21:13:01.103354,83.825,,, 6.255,, 6.437
2025-04-23 21:14:01.559077,83.825,,, 6.255,, 6.437
2025-04-23 21:15:02.006395,83.825,,, 6.192,, 6.437
2025-04-23 21:16:01.453389,83.825,,, 6.192,, 6.437
2025-04-23 21:17:02.008648,83.825,,, 6.192,, 6.437
2025-04-23 21:18:01.455238,83.825,,, 6.192,, 6.375
2025-04-23 21:19:01.911671,83.825,,, 6.192,, 6.375
2025-04-23 21:20:01.363117,83.825,,, 6.192,, 6.375
2025-04-23 21:21:02.021254,83.825,,, 6.192,, 6.375
2025-04-23 21:22:01.480035,83.825,,,  6.13,, 6.375
2025-04-23 21:23:01.942925,83.825,,,  6.13,, 6.375
2025-04-23 21:24:01.455527,83.825,,,  6.13,, 6.375
2025-04-23 21:25:01.913231,83.825,,,  6.13,, 6.312
2025-04-23 21:26:01.358342,83.825,,,  6.13,, 6.375
2025-04-23 21:27:01.815055,83.825,,,  6.13,, 6.312
2025-04-23 21:28:01.262164,83.825,,,  6.13,, 6.312
2025-04-23 21:29:01.815472,83.825,,, 6.067,, 6.312
2025-04-23 21:30:01.267463,83.825,,, 6.067,, 6.312
2025-04-23 21:31:01.268968,83.825,,,  6.13,, 6.312
2025-04-23 21:32:01.719333,83.825,,, 6.067,,  6.25
2025-04-23 21:33:01.166868,83.825,,, 6.067,,  6.25
2025-04-23 21:34:01.622649,83.825,,,  6.13,,  6.25
2025-04-23 21:35:01.071355,83.825,,, 6.067,,  6.25
2025-04-23 21:36:01.582375,83.825,,, 6.067,,  6.25
2025-04-23 21:37:01.039808,83.825,,, 6.067,, 6.187
2025-04-23 21:38:01.495867,83.825,,, 6.067,,  6.25
2025-04-23 21:39:02.000825,83.825,,, 6.005,,  6.25
2025-04-23 21:40:01.458879,83.825,,, 6.005,,  6.25
2025-04-23 21:41:01.505189,83.825,,, 6.005,, 6.187
2025-04-23 21:42:01.066932,83.825,,, 6.005,, 6.187
2025-04-23 21:43:01.515582,83.825,,, 6.005,,  6.25
2025-04-23 21:44:01.965671,83.825,,, 6.005,, 6.187
2025-04-23 21:45:01.412696,83.825,,, 6.005,, 6.187
2025-04-23 21:46:01.866629,83.825,,, 6.005,, 6.187
2025-04-23 21:47:01.316158,83.825,,, 6.005,, 6.187
2025-04-23 21:48:01.865583,83.825,,, 6.005,, 6.187
2025-04-23 21:49:01.313995,83.825,,, 6.005,, 6.187
2025-04-23 21:50:01.776757,83.825,,, 6.005,, 6.187
2025-04-23 21:51:01.807487,83.825,,, 6.005,, 6.125
2025-04-23 21:52:01.260474,83.825,,, 6.005,, 6.187
2025-04-23 21:53:01.716915,83.825,,, 6.005,, 6.187
2025-04-23 21:54:01.164977,83.825,,, 6.005,, 6.187
2025-04-23 21:55:01.619694,83.825,,, 6.005,, 6.125
2025-04-23 21:56:01.069006,83.825,,, 6.005,, 6.125
2025-04-23 21:57:01.524377,83.825,,, 6.005,, 6.125
2025-04-23 21:58:01.972949,83.825,,, 5.942,, 6.125
2025-04-23 21:59:01.420916,83.825,,, 6.005,, 6.125
2025-04-23 22:00:01.889341,83.825,,, 6.005,, 6.125
2025-04-23 22:01:02.024426,83.825,,, 6.005,, 6.125
2025-04-23 22:02:01.491006,83.825,,, 5.942,, 6.125
2025-04-23 22:03:01.944411,83.825,,, 5.942,, 6.125
2025-04-23 22:04:01.397992,83.825,,, 5.942,, 6.125
2025-04-23 22:05:01.852135,83.825,,, 5.942,, 6.125
2025-04-23 22:06:01.330036,83.825,,, 5.942,, 6.062
2025-04-23 22:07:01.879806,83.825,,,  5.88,, 6.062
2025-04-23 22:08:01.327539,83.825,,, 5.942,, 6.062
2025-04-23 22:09:01.783031,83.825,,, 5.942,, 6.062
2025-04-23 22:10:01.235936,83.825,,,  5.88,, 6.062
2025-04-23 22:11:01.309103,83.825,,,  5.88,, 6.062
2025-04-23 22:12:01.748910,83.825,,,  5.88,, 6.062
2025-04-23 22:13:01.197751,83.825,,, 5.942,, 6.062
2025-04-23 22:14:01.654007,83.825,,,  5.88,, 6.062
2025-04-23 22:15:01.102235,83.825,,,  5.88,,   6.0
2025-04-23 22:16:01.559014,83.825,,,  5.88,, 6.062
2025-04-23 22:17:02.008936,83.825,,,  5.88,,   6.0
2025-04-23 22:18:01.455534,83.825,,,  5.88,,   6.0
2025-04-23 22:19:01.911163,83.825,,, 5.817,,   6.0
2025-04-23 22:20:01.459886,83.825,,,  5.88,,   6.0
2025-04-23 22:21:01.554956,83.825,,, 5.817,, 5.937
2025-04-23 22:22:02.006232,83.825,,, 5.817,, 5.937
2025-04-23 22:23:01.453833,83.825,,, 5.817,,   6.0
2025-04-23 22:24:01.910607,83.825,,, 5.817,, 5.937
2025-04-23 22:25:01.362150,83.825,,, 5.817,, 5.937
2025-04-23 22:26:01.908817,83.825,,, 5.817,, 5.937
2025-04-23 22:27:01.358455,83.825,,, 5.817,, 5.937
2025-04-23 22:28:01.815458,83.825,,, 5.755,, 5.937
2025-04-23 22:29:01.262343,83.825,,, 5.755,, 5.937
2025-04-23 22:30:01.722506,83.825,,, 5.755,, 5.937
2025-04-23 22:31:01.752301,83.825,,, 5.755,, 5.875
2025-04-23 22:32:01.198990,83.825,,, 5.755,, 5.875
2025-04-23 22:33:01.654662,83.825,,, 5.755,, 5.875
2025-04-23 22:34:01.102562,83.825,,, 5.755,, 5.875
2025-04-23 22:35:01.558512,83.825,,, 5.755,, 5.875
2025-04-23 22:36:02.007007,83.825,,, 5.755,, 5.875
2025-04-23 22:37:01.454957,83.825,,, 5.755,, 5.875
2025-04-23 22:38:01.910780,83.825,,, 5.755,, 5.875
2025-04-23 22:39:01.454405,83.825,,, 5.755,, 5.875
2025-04-23 22:40:01.913612,83.825,,, 5.755,, 5.812
2025-04-23 22:41:01.950093,83.825,,, 5.755,, 5.812
2025-04-23 22:42:01.422961,83.825,,, 5.755,, 5.875
2025-04-23 22:43:01.879006,83.825,,, 5.755,, 5.812
2025-04-23 22:44:01.327720,83.825,,, 5.692,, 5.812
2025-04-23 22:45:01.878184,83.825,,, 5.692,, 5.812
2025-04-23 22:46:01.326372,83.825,,, 5.692,, 5.812
2025-04-23 22:47:01.793059,83.825,,, 5.692,, 5.812
2025-04-23 22:48:01.263305,83.825,,, 5.692,, 5.812
2025-04-23 22:49:01.718280,83.825,,, 5.692,, 5.812
2025-04-23 22:50:01.170554,83.825,,,  5.63,, 5.812
2025-04-23 22:51:01.176785,83.825,,, 5.692,, 5.812
2025-04-23 22:52:01.628791,83.825,,, 5.692,, 5.812
2025-04-23 22:53:01.070529,83.825,,, 5.692,,  5.75
2025-04-23 22:54:01.527394,83.825,,,  5.63,, 5.812
2025-04-23 22:55:01.975232,83.825,,,  5.63,,  5.75
2025-04-23 22:56:01.412982,83.825,,,  5.63,,  5.75
2025-04-23 22:57:01.878390,83.825,,,  5.63,,  5.75
2025-04-23 22:58:01.381759,83.825,,,  5.63,,  5.75
2025-04-23 22:59:01.837420,83.825,,,  5.63,,  5.75
2025-04-23 23:00:01.297965,83.825,,,  5.63,,  5.75
2025-04-23 23:01:01.368754,83.825,,,  5.63,,  5.75
2025-04-23 23:02:01.802390,83.825,,,  5.63,,  5.75
2025-04-23 23:03:01.250473,83.825,,, 5.567,,  5.75
2025-04-23 23:04:01.771272,83.825,,, 5.567,, 5.687
2025-04-23 23:05:01.231524,83.825,,,  5.63,,  5.75
2025-04-23 23:06:01.674772,83.825,,, 5.567,,  5.75
2025-04-23 23:07:01.134138,83.825,,, 5.567,, 5.687
2025-04-23 23:08:01.590085,83.825,,, 5.567,, 5.687
2025-04-23 23:09:02.036757,83.825,,, 5.567,, 5.687
2025-04-23 23:10:01.588068,83.825,,, 5.567,, 5.687
2025-04-23 23:11:01.649653,83.825,,, 5.567,, 5.687
2025-04-23 23:12:01.147398,83.825,,, 5.567,, 5.687
2025-04-23 23:13:01.621621,83.825,,, 5.567,, 5.687
2025-04-23 23:14:01.069611,83.825,,, 5.567,, 5.687
2025-04-23 23:15:01.531429,83.825,,, 5.567,, 5.687
2025-04-23 23:16:01.078299,83.825,,, 5.567,, 5.625
2025-04-23 23:17:01.528474,83.825,,, 5.567,, 5.687
2025-04-23 23:18:01.975293,83.825,,, 5.567,, 5.625
2025-04-23 23:19:01.423883,83.825,,, 5.567,, 5.625
2025-04-23 23:20:01.884694,83.825,,, 5.505,, 5.625
2025-04-23 23:21:01.961200,83.825,,, 5.567,, 5.625
2025-04-23 23:22:01.423112,83.825,,, 5.505,, 5.625
2025-04-23 23:23:01.943616,83.825,,, 5.505,, 5.625
2025-04-23 23:24:01.391733,83.825,,, 5.567,, 5.625
2025-04-23 23:25:01.848790,83.825,,, 5.505,, 5.625
2025-04-23 23:26:01.297725,83.825,,, 5.505,, 5.625
2025-04-23 23:27:01.751677,83.825,,, 5.505,, 5.625
2025-04-23 23:28:01.199766,83.825,,, 5.505,, 5.625
2025-04-23 23:29:01.719538,83.825,,, 5.505,, 5.625
2025-04-23 23:30:01.171233,83.825,,, 5.505,, 5.625
2025-04-23 23:31:01.179851,83.825,,, 5.505,, 5.625
2025-04-23 23:32:01.623059,83.825,,, 5.505,, 5.562
2025-04-23 23:33:01.070781,83.825,,, 5.505,, 5.562
2025-04-23 23:34:01.526499,83.825,,, 5.505,, 5.562
2025-04-23 23:35:01.070993,83.825,,, 5.505,, 5.562
2025-04-23 23:36:01.526851,83.825,,, 5.442,, 5.562
2025-04-23 23:37:01.975471,83.825,,, 5.442,, 5.562
2025-04-23 23:38:01.422831,83.825,,, 5.442,, 5.562
2025-04-23 23:39:01.877526,83.825,,, 5.442,, 5.562
2025-04-23 23:40:01.330754,83.825,,, 5.442,, 5.562
2025-04-23 23:41:01.376680,83.825,,, 5.442,, 5.562
2025-04-23 23:42:01.847377,83.825,,, 5.442,,   5.5
2025-04-23 23:43:01.293834,83.825,,, 5.442,,   5.5
2025-04-23 23:44:01.750192,83.825,,,  5.38,,   5.5
2025-04-23 23:45:01.198146,83.825,,,  5.38,,   5.5
2025-04-23 23:46:01.654097,83.825,,,  5.38,, 5.562
2025-04-23 23:47:01.198048,83.825,,,  5.38,,   5.5
2025-04-23 23:48:01.654154,83.825,,,  5.38,,   5.5
2025-04-23 23:49:01.102086,83.825,,,  5.38,,   5.5
2025-04-23 23:50:01.563542,83.825,,,  5.38,,   5.5
2025-04-23 23:51:01.609857,83.825,,,  5.38,,   5.5
2025-04-23 23:52:01.070813,83.825,,,  5.38,,   5.5
2025-04-23 23:53:01.622128,83.825,,,  5.38,,   5.5
2025-04-23 23:54:01.070183,83.825,,,  5.38,,5.436999999999999
2025-04-23 23:55:01.525307,83.825,,,  5.38,,5.436999999999999
2025-04-23 23:56:01.974106,83.825,,,  5.38,,5.436999999999999
2025-04-23 23:57:01.422239,83.825,,, 5.317,,5.436999999999999
2025-04-23 23:58:01.879265,83.825,,, 5.317,,5.436999999999999
2025-04-23 23:59:01.326753,83.825,,, 5.317,,5.436999999999999
2025-04-24 00:00:01.857669,83.825,,, 5.317,,5.436999999999999
2025-04-24 00:01:01.324133,83.825,,, 5.317,,5.436999999999999
2025-04-24 00:02:01.782156,83.825,,, 5.317,,5.436999999999999
2025-04-24 00:03:01.230697,83.825,,, 5.317,,5.436999999999999
2025-04-24 00:04:01.686826,83.825,,, 5.317,,5.436999999999999
2025-04-24 00:05:01.139147,83.825,,, 5.317,,5.436999999999999
2025-04-24 00:06:01.653532,83.825,,, 5.317,, 5.375
2025-04-24 00:07:01.103226,83.825,,, 5.317,, 5.375
2025-04-24 00:08:01.564961,83.825,,, 5.317,, 5.375
2025-04-24 00:09:02.006281,83.825,,, 5.317,,5.436999999999999
2025-04-24 00:10:01.449778,83.825,,, 5.317,, 5.375
2025-04-24 00:11:01.962497,83.825,,, 5.255,, 5.375
2025-04-24 00:12:01.505929,83.825,,, 5.255,, 5.375
2025-04-24 00:13:01.964063,83.825,,, 5.255,, 5.375
2025-04-24 00:14:01.412633,83.825,,, 5.255,, 5.375
2025-04-24 00:15:01.868311,83.825,,, 5.255,, 5.375
2025-04-24 00:16:01.316375,83.825,,, 5.255,, 5.375
2025-04-24 00:17:01.773386,83.825,,, 5.255,, 5.375
2025-04-24 00:18:01.314774,83.825,,, 5.255,, 5.375
2025-04-24 00:19:01.778163,83.825,,, 5.255,, 5.375
2025-04-24 00:20:01.224743,83.825,,, 5.255,, 5.375
2025-04-24 00:21:01.706981,83.825,,, 5.317,, 5.375
2025-04-24 00:22:01.164152,83.825,,, 5.255,, 5.375
2025-04-24 00:23:01.620797,83.825,,, 5.317,, 5.375
2025-04-24 00:24:01.164879,83.825,,, 5.317,, 5.375
2025-04-24 00:25:01.623662,83.825,,, 5.255,,5.311999999999999
2025-04-24 00:26:01.068998,83.825,,, 5.255,,5.311999999999999
2025-04-24 00:27:01.524640,83.825,,, 5.317,,5.311999999999999
2025-04-24 00:28:01.972976,83.825,,, 5.317,,5.311999999999999
2025-04-24 00:29:01.421727,83.825,,, 5.317,,5.311999999999999
2025-04-24 00:30:01.979845,83.825,,, 5.317,,5.311999999999999
2025-04-24 00:31:01.460590,83.825,,, 5.255,,5.311999999999999
2025-04-24 00:32:01.911614,83.825,,, 5.317,,5.311999999999999
2025-04-24 00:33:01.359372,83.825,,, 5.255,,5.311999999999999
2025-04-24 00:34:01.815520,83.825,,, 5.317,,5.311999999999999
2025-04-24 00:35:01.263953,83.825,,, 5.317,,5.311999999999999
2025-04-24 00:36:01.815834,83.825,,, 5.317,,5.311999999999999
2025-04-24 00:37:01.263843,83.825,,, 5.317,,5.311999999999999
2025-04-24 00:38:01.719607,83.825,,, 5.255,,  5.25
2025-04-24 00:39:01.173230,83.825,,, 5.255,,  5.25
2025-04-24 00:40:01.627520,83.825,,, 5.255,,  5.25
2025-04-24 00:41:01.133651,83.825,,, 5.255,,  5.25
2025-04-24 00:42:01.687531,83.825,,, 5.255,,  5.25
2025-04-24 00:43:01.135104,83.825,,, 5.255,,5.186999999999999
2025-04-24 00:44:01.591477,83.825,,, 5.192,,  5.25
2025-04-24 00:45:01.039759,83.825,,, 5.255,,5.186999999999999
2025-04-24 00:46:01.495312,83.825,,, 5.192,,  5.25
2025-04-24 00:47:01.942453,83.825,,, 5.192,,  5.25
2025-04-24 00:48:01.390973,83.825,,, 5.192,,  5.25
2025-04-24 00:49:01.909544,83.825,,, 5.192,,5.186999999999999
2025-04-24 00:50:01.363195,83.825,,, 5.192,,5.186999999999999
2025-04-24 00:51:01.844059,83.825,,, 5.192,,  5.25
2025-04-24 00:52:01.292773,83.825,,, 5.192,,  5.25
2025-04-24 00:53:01.750486,83.825,,, 5.192,,5.186999999999999
2025-04-24 00:54:01.198334,83.825,,,  5.13,,5.186999999999999
2025-04-24 00:55:01.719379,83.825,,,  5.13,,5.186999999999999
2025-04-24 00:56:01.166895,83.825,,, 5.067,, 5.125
2025-04-24 00:57:01.622958,83.825,,,  5.13,,5.186999999999999
2025-04-24 00:58:01.069418,83.825,,, 5.067,, 5.125
2025-04-24 00:59:01.526349,83.825,,, 5.067,, 5.125
2025-04-24 01:00:02.026040,83.825,,, 5.067,, 5.125
2025-04-24 01:01:01.644662,83.825,,, 5.067,, 5.125
2025-04-24 01:02:01.102576,83.825,,, 5.067,,5.061999999999999
2025-04-24 01:03:01.559537,83.825,,, 5.005,,5.061999999999999
2025-04-24 01:04:02.007021,83.825,,, 5.005,,5.061999999999999
2025-04-24 01:05:01.460592,83.825,,, 5.005,,5.061999999999999
2025-04-24 01:06:01.908468,83.825,,, 5.005,,5.061999999999999
2025-04-24 01:07:01.454302,83.825,,, 5.005,,5.061999999999999
2025-04-24 01:08:01.910329,83.825,,, 5.005,,5.061999999999999
2025-04-24 01:09:01.359929,83.825,,, 5.005,,5.061999999999999
2025-04-24 01:10:01.820942,83.825,,, 5.005,,5.061999999999999
2025-04-24 01:11:01.293430,83.825,,, 4.942,,5.061999999999999
2025-04-24 01:12:01.750535,83.825,,, 4.942,,   5.0
2025-04-24 01:13:01.295287,83.825,,,  4.88,,   5.0
2025-04-24 01:14:01.751621,83.825,,,  4.88,,4.936999999999999
2025-04-24 01:15:01.198798,83.825,,,  4.88,,4.936999999999999
2025-04-24 01:16:01.654151,83.825,,, 4.817,,4.936999999999999
2025-04-24 01:17:01.105026,83.825,,, 4.755,,4.936999999999999
2025-04-24 01:18:01.558846,83.825,,, 4.755,, 4.875
2025-04-24 01:19:01.103653,83.825,,, 4.755,, 4.875
2025-04-24 01:20:01.563177,83.825,,, 4.692,, 4.875
2025-04-24 01:21:02.036136,83.825,,, 4.692,,4.811999999999999
2025-04-24 01:22:01.487071,83.825,,,  4.63,,4.811999999999999
2025-04-24 01:23:01.942278,83.825,,,  4.63,,4.811999999999999
2025-04-24 01:24:01.387438,83.825,,,  4.63,,  4.75
2025-04-24 01:25:01.949595,83.825,,, 4.567,,  4.75
2025-04-24 01:26:01.423388,83.825,,, 4.567,,  4.75
2025-04-24 01:27:01.875804,83.825,,, 4.567,,4.686999999999999
2025-04-24 01:28:01.316774,83.825,,, 4.567,,4.686999999999999
2025-04-24 01:29:01.772842,83.825,,, 4.505,,4.686999999999999
2025-04-24 01:30:01.224580,83.825,,, 4.505,,4.686999999999999
2025-04-24 01:31:01.804245,83.825,,, 4.505,,4.686999999999999
2025-04-24 01:32:01.251899,83.825,,, 4.442,, 4.625
2025-04-24 01:33:01.707770,83.825,,, 4.442,,4.561999999999999
2025-04-24 01:34:01.155886,83.825,,, 4.442,, 4.625
2025-04-24 01:35:01.609722,83.825,,,  4.38,,4.561999999999999
2025-04-24 01:36:01.058110,83.825,,,  4.38,,4.561999999999999
2025-04-24 01:37:01.609825,83.825,,,  4.38,,4.561999999999999
2025-04-24 01:38:01.058173,83.825,,,  4.38,,4.561999999999999
2025-04-24 01:39:01.514455,83.825,,, 4.317,,4.561999999999999
2025-04-24 01:40:01.982296,83.825,,, 4.317,,   4.5
2025-04-24 01:41:01.484165,83.825,,, 4.255,,   4.5
2025-04-24 01:42:01.940062,83.825,,, 4.192,,4.436999999999999
2025-04-24 01:43:01.433928,83.825,,, 4.192,,4.436999999999999
2025-04-24 01:44:01.940903,83.825,,, 4.192,, 4.375
2025-04-24 01:45:01.388412,83.825,,,  4.13,,4.311999999999999
2025-04-24 01:46:01.844316,83.825,,,  4.13,,4.311999999999999
2025-04-24 01:47:01.293073,83.825,,, 4.067,,4.311999999999999
2025-04-24 01:48:01.750900,83.825,,, 4.067,,4.311999999999999
2025-04-24 01:49:01.198615,83.825,,, 4.005,,  4.25
2025-04-24 01:50:01.722563,83.825,,, 4.005,,  4.25
2025-04-24 01:51:01.228253,83.825,,, 4.005,,  4.25
2025-04-24 01:52:01.685683,83.825,,,3.9419999999999997,,  4.25
2025-04-24 01:53:01.129793,83.825,,,3.9419999999999997,,4.186999999999999
2025-04-24 01:54:01.623605,83.825,,,3.9419999999999997,,4.186999999999999
2025-04-24 01:55:01.070612,83.825,,,  3.88,, 4.125
2025-04-24 01:56:01.590443,83.825,,,3.8169999999999997,,4.061999999999999
2025-04-24 01:57:01.038242,83.825,,,3.8169999999999997,,4.061999999999999
2025-04-24 01:58:01.494862,83.825,,,3.6919999999999997,,4.061999999999999
2025-04-24 01:59:01.943213,83.825,,,  3.63,, 3.937
2025-04-24 02:00:01.402871,83.825,,,  3.63,, 3.937
2025-04-24 02:01:01.876504,83.825,,,  3.63,, 3.937
2025-04-24 02:02:01.422153,83.825,,, 3.505,, 3.812
2025-04-24 02:03:01.878131,83.825,,, 3.505,, 3.812
2025-04-24 02:04:01.326163,83.825,,,3.4419999999999997,,  3.75
2025-04-24 02:05:01.785653,83.825,,,3.4419999999999997,,  3.75
2025-04-24 02:06:01.260088,83.825,,,  3.38,, 3.687
2025-04-24 02:07:01.719408,83.825,,,3.3169999999999997,, 3.625
2025-04-24 02:08:01.263939,83.825,,, 3.255,, 3.625
2025-04-24 02:09:01.764952,83.825,,,3.1919999999999997,, 3.562
2025-04-24 02:10:01.235445,83.825,,, 3.255,,   3.5
2025-04-24 02:11:01.691629,83.825,,,3.1919999999999997,,   3.5
2025-04-24 02:12:01.181091,83.825,,,3.1919999999999997,,3.4370000000000003
2025-04-24 02:13:01.654377,83.825,,,  3.13,,3.4370000000000003
2025-04-24 02:14:01.197920,83.825,,,3.0669999999999997,,3.4370000000000003
2025-04-24 02:15:01.655180,83.825,,,3.0669999999999997,, 3.375
2025-04-24 02:16:01.101746,83.825,,,3.0669999999999997,,3.3120000000000003
2025-04-24 02:17:01.560725,83.825,,, 3.005,,3.3120000000000003
2025-04-24 02:18:02.006697,83.825,,, 3.005,,3.3120000000000003
2025-04-24 02:19:01.454476,83.825,,, 3.005,,3.3120000000000003
2025-04-24 02:20:02.011388,83.825,,, 3.005,,  3.25
2025-04-24 02:21:01.516474,83.825,,,2.9419999999999997,,  3.25
2025-04-24 02:22:01.976291,83.825,,,2.9419999999999997,,  3.25
2025-04-24 02:23:01.422446,83.825,,,2.9419999999999997,,3.1870000000000003
2025-04-24 02:24:01.878239,83.825,,,  2.88,,3.1870000000000003
2025-04-24 02:25:01.328769,83.825,,,  2.88,,3.1870000000000003
2025-04-24 02:26:01.883534,83.825,,,  2.88,,3.1870000000000003
2025-04-24 02:27:01.332720,83.825,,,  2.88,,3.1870000000000003
2025-04-24 02:28:01.783494,83.825,,,2.8169999999999997,,3.1870000000000003
2025-04-24 02:29:01.234644,83.825,,,2.8169999999999997,, 3.125
2025-04-24 02:30:01.692625,83.825,,,2.8169999999999997,, 3.125
2025-04-24 02:31:01.202339,83.825,,, 2.755,,3.0620000000000003
2025-04-24 02:32:01.751078,83.825,,, 2.755,,3.0620000000000003
2025-04-24 02:33:01.198337,83.825,,, 2.755,,3.0620000000000003
2025-04-24 02:34:01.654203,83.825,,, 2.755,,3.0620000000000003
2025-04-24 02:35:01.102941,83.825,,,2.6919999999999997,,3.0620000000000003
2025-04-24 02:36:01.558340,83.825,,,2.6919999999999997,,   3.0
2025-04-24 02:37:02.007181,83.825,,,2.6919999999999997,,   3.0
2025-04-24 02:38:01.455745,83.825,,,2.6919999999999997,,   3.0
2025-04-24 02:39:01.975198,83.825,,,2.6919999999999997,,2.9370000000000003
2025-04-24 02:40:01.428135,83.825,,,2.6919999999999997,,   3.0
2025-04-24 02:41:01.954207,83.825,,,  2.63,, 2.875
2025-04-24 02:42:01.429959,83.825,,,  2.63,, 2.875
2025-04-24 02:43:01.879765,83.825,,,2.5669999999999997,, 2.875
2025-04-24 02:44:01.331323,83.825,,,2.5669999999999997,,2.8120000000000003
2025-04-24 02:45:01.846284,83.825,,, 2.505,,2.8120000000000003
2025-04-24 02:46:01.285141,83.825,,, 2.505,,  2.75
2025-04-24 02:47:01.740399,83.825,,,2.4419999999999997,,  2.75
2025-04-24 02:48:01.189016,83.825,,,2.4419999999999997,,  2.75
2025-04-24 02:49:01.645811,83.825,,,2.4419999999999997,,  2.75
2025-04-24 02:50:01.099108,83.825,,,2.4419999999999997,,2.6870000000000003
2025-04-24 02:51:01.645720,83.825,,,  2.38,,2.6870000000000003
2025-04-24 02:52:01.093498,83.825,,,  2.38,, 2.625
2025-04-24 02:53:01.547378,83.825,,,  2.38,,2.6870000000000003
2025-04-24 02:54:01.994790,83.825,,,  2.38,, 2.625
2025-04-24 02:55:01.442814, 3.075,,, 2.317,,2.5620000000000003
2025-04-24 02:56:01.056412, 3.075,,, 2.255,,2.5620000000000003
2025-04-24 02:57:01.578023,3.0120000000000005,,, 2.255,,   2.5
2025-04-24 02:58:02.027630,  2.95,,, 2.255,,   2.5
2025-04-24 02:59:01.485315,2.8870000000000005,,, 2.192,,2.4370000000000003
2025-04-24 03:00:01.951309,2.8870000000000005,,, 2.192,,2.4370000000000003
2025-04-24 03:01:01.420253, 2.825,,, 2.192,,2.4370000000000003
2025-04-24 03:02:01.876331, 2.825,,,  2.13,, 2.375
2025-04-24 03:03:01.420992,   2.7,,,  2.13,, 2.375
2025-04-24 03:04:01.877593,2.7619999999999996,,, 2.067,, 2.375
2025-04-24 03:05:01.329171,2.7619999999999996,,, 2.067,,2.3120000000000003
2025-04-24 03:06:01.779545,2.7619999999999996,,, 2.005,,2.3120000000000003
2025-04-24 03:07:01.230086, 2.825,,, 2.005,,  2.25
2025-04-24 03:08:01.692902, 2.825,,, 2.005,,  2.25
2025-04-24 03:09:01.231224,2.7619999999999996,,, 2.005,,  2.25
2025-04-24 03:10:01.692986,2.7619999999999996,,, 2.005,,  2.25
2025-04-24 03:11:01.205146, 2.825,,, 2.005,,  2.25
2025-04-24 03:12:01.655149,2.7619999999999996,,, 2.005,,2.1870000000000003
2025-04-24 03:13:01.110271,   2.7,,,1.9420000000000002,,2.1870000000000003
2025-04-24 03:14:01.557821,2.7619999999999996,,,1.9420000000000002,,2.1870000000000003
2025-04-24 03:15:01.107769,2.7619999999999996,,,1.9420000000000002,,2.1870000000000003
2025-04-24 03:16:01.559914,2.7619999999999996,,,1.9420000000000002,,2.1870000000000003
2025-04-24 03:17:02.009527,   2.7,,,  1.88,, 2.125
2025-04-24 03:18:01.455418,2.6369999999999996,,,  1.88,, 2.125
2025-04-24 03:19:01.910515,2.6369999999999996,,,  1.88,,2.0620000000000003
2025-04-24 03:20:01.362434,2.6369999999999996,,,1.8170000000000002,,2.0620000000000003
2025-04-24 03:21:01.973003, 2.575,,,1.8170000000000002,,2.0620000000000003
2025-04-24 03:22:01.430089, 2.575,,,1.8170000000000002,,2.0620000000000003
2025-04-24 03:23:01.879159, 2.575,,,1.8170000000000002,,   2.0
2025-04-24 03:24:01.327676, 2.575,,,1.8170000000000002,,   2.0
2025-04-24 03:25:01.787454,2.5119999999999996,,,1.8170000000000002,,   2.0
2025-04-24 03:26:01.230329,  2.45,,, 1.755,, 1.937
2025-04-24 03:27:01.781762,2.3869999999999996,,, 1.755,, 1.937
2025-04-24 03:28:01.230744,  2.45,,, 1.755,, 1.937
2025-04-24 03:29:01.688111,  2.45,,,1.6920000000000002,, 1.937
2025-04-24 03:30:01.137168, 2.325,,,1.6920000000000002,, 1.937
2025-04-24 03:31:01.620760,2.3869999999999996,,,1.6920000000000002,, 1.937
2025-04-24 03:32:01.078374, 2.325,,,  1.63,, 1.875
2025-04-24 03:33:01.622802, 2.325,,,  1.63,, 1.875
2025-04-24 03:34:01.070392, 2.325,,,  1.63,, 1.812
2025-04-24 03:35:01.535846, 2.325,,,  1.63,, 1.812
2025-04-24 03:36:02.006361, 2.325,,,  1.63,, 1.812
2025-04-24 03:37:01.455490,2.3869999999999996,,,  1.63,,  1.75
2025-04-24 03:38:01.911744, 2.325,,,  1.63,,  1.75
2025-04-24 03:39:01.361533, 2.325,,,1.5670000000000002,,  1.75
2025-04-24 03:40:01.883806, 2.325,,,1.5670000000000002,,  1.75
2025-04-24 03:41:01.388947, 2.325,,,1.5670000000000002,,  1.75
2025-04-24 03:42:01.847321, 2.325,,,1.5670000000000002,,  1.75
2025-04-24 03:43:01.295489, 2.325,,,1.5670000000000002,,  1.75
2025-04-24 03:44:01.749718,2.2619999999999996,,,1.5670000000000002,,  1.75
2025-04-24 03:45:01.199154,   2.2,,, 1.505,, 1.687
2025-04-24 03:46:01.719600,2.2619999999999996,,, 1.505,, 1.687
2025-04-24 03:47:01.167529,2.1369999999999996,,, 1.505,, 1.687
2025-04-24 03:48:01.622748,2.1369999999999996,,,1.4420000000000002,, 1.687
2025-04-24 03:49:01.071798,2.1369999999999996,,,1.4420000000000002,, 1.625
2025-04-24 03:50:01.531246,2.1369999999999996,,, 1.505,, 1.687
2025-04-24 03:51:02.001309,2.1369999999999996,,,1.4420000000000002,, 1.625
2025-04-24 03:52:01.451088,2.1369999999999996,,, 1.505,, 1.625
2025-04-24 03:53:01.913183,   2.2,,,1.4420000000000002,, 1.625
2025-04-24 03:54:01.359383,   2.2,,,1.4420000000000002,, 1.625
2025-04-24 03:55:01.815570,2.1369999999999996,,,1.4420000000000002,, 1.625
2025-04-24 03:56:01.261119,2.1369999999999996,,,1.4420000000000002,, 1.625
2025-04-24 03:57:01.718984, 2.075,,,1.4420000000000002,, 1.562
2025-04-24 03:58:01.167514, 2.075,,,1.4420000000000002,, 1.562
2025-04-24 03:59:01.687114, 2.075,,,1.4420000000000002,, 1.562
2025-04-24 04:00:01.144227, 2.075,,,  1.38,, 1.562
2025-04-24 04:01:01.621245, 2.075,,,  1.38,, 1.562
2025-04-24 04:02:01.071582, 2.075,,,  1.38,,   1.5
2025-04-24 04:03:01.527048,2.0119999999999996,,,1.4420000000000002,, 1.562
2025-04-24 04:04:01.976659,2.0119999999999996,,,  1.38,,   1.5
2025-04-24 04:05:01.449439, 2.075,,,  1.38,,   1.5
2025-04-24 04:06:01.900519,2.0119999999999996,,,  1.38,,   1.5
2025-04-24 04:07:01.349015,2.0119999999999996,,,  1.38,,   1.5
2025-04-24 04:08:01.803974,2.0119999999999996,,,1.3170000000000002,,   1.5
2025-04-24 04:09:01.251795,2.0119999999999996,,,1.3170000000000002,,   1.5
2025-04-24 04:10:01.723781,2.0119999999999996,,,1.3170000000000002,,   1.5
2025-04-24 04:11:01.219886,2.0119999999999996,,,  1.38,,   1.5
2025-04-24 04:12:01.738125,2.0119999999999996,,,1.3170000000000002,, 1.438
2025-04-24 04:13:01.186125,  1.95,,,1.3170000000000002,, 1.438
2025-04-24 04:14:01.641821,  1.95,,,1.3170000000000002,, 1.438
2025-04-24 04:15:01.089540,1.8869999999999998,,, 1.255,, 1.438
2025-04-24 04:16:01.546516,1.8869999999999998,,,1.3170000000000002,, 1.438
2025-04-24 04:17:01.996400,  1.95,,,1.3170000000000002,, 1.375
2025-04-24 04:18:01.516121,1.8869999999999998,,, 1.255,, 1.375
2025-04-24 04:19:01.971178,1.8869999999999998,,, 1.255,, 1.375
2025-04-24 04:20:01.424360,1.7619999999999998,,, 1.255,, 1.375
2025-04-24 04:21:01.876745, 1.825,,, 1.255,, 1.375
2025-04-24 04:22:01.324612, 1.825,,, 1.255,, 1.375
2025-04-24 04:23:01.787975,1.8869999999999998,,, 1.255,, 1.375
2025-04-24 04:24:01.228918,1.8869999999999998,,, 1.255,, 1.375
2025-04-24 04:25:01.758894,1.8869999999999998,,, 1.255,, 1.313
2025-04-24 04:26:01.231385,1.8869999999999998,,, 1.255,, 1.375
2025-04-24 04:27:01.688037,1.8869999999999998,,, 1.255,, 1.375
2025-04-24 04:28:01.134886,1.8869999999999998,,, 1.255,, 1.375
2025-04-24 04:29:01.599693,1.8869999999999998,,, 1.255,, 1.375
2025-04-24 04:30:01.082255,1.8869999999999998,,, 1.255,, 1.375
2025-04-24 04:31:01.620102,1.8869999999999998,,, 1.255,, 1.313
2025-04-24 04:32:01.079602, 1.825,,, 1.255,, 1.313
2025-04-24 04:33:01.526947, 1.825,,,1.1920000000000002,, 1.313
2025-04-24 04:34:01.974986, 1.825,,,1.1920000000000002,, 1.313
2025-04-24 04:35:01.422384,1.7619999999999998,,,1.1920000000000002,, 1.313
2025-04-24 04:36:01.879009, 1.825,,,1.1920000000000002,, 1.313
2025-04-24 04:37:01.431260, 1.825,,,  1.13,,  1.25
2025-04-24 04:38:01.878953,1.7619999999999998,,,1.1920000000000002,,  1.25
2025-04-24 04:39:01.326338, 1.825,,,  1.13,,  1.25
2025-04-24 04:40:01.785687, 1.825,,,1.1920000000000002,,  1.25
2025-04-24 04:41:01.271983,1.7619999999999998,,,1.1920000000000002,,  1.25
2025-04-24 04:42:01.719924,1.7619999999999998,,,  1.13,,  1.25
2025-04-24 04:43:01.263791,   1.7,,,  1.13,,  1.25
2025-04-24 04:44:01.718565,1.6369999999999998,,,  1.13,,  1.25
2025-04-24 04:45:01.165764,1.6369999999999998,,,1.0670000000000002,,  1.25
2025-04-24 04:46:01.622863,   1.7,,,1.0670000000000002,, 1.188
2025-04-24 04:47:01.070731,   1.7,,,1.0670000000000002,, 1.188
2025-04-24 04:48:01.526422, 1.575,,,1.0670000000000002,, 1.188
2025-04-24 04:49:01.070146,1.6369999999999998,,,1.0670000000000002,, 1.188
2025-04-24 04:50:01.531266,1.6369999999999998,,,1.0670000000000002,, 1.188
2025-04-24 04:51:02.036165,1.6369999999999998,,,1.0670000000000002,, 1.188
2025-04-24 04:52:01.487664, 1.575,,,1.0670000000000002,, 1.188
2025-04-24 04:53:01.944002,1.6369999999999998,,,1.0670000000000002,, 1.125
2025-04-24 04:54:01.391633,1.6369999999999998,,, 1.005,, 1.125
2025-04-24 04:55:01.942796,1.6369999999999998,,, 1.005,, 1.125
2025-04-24 04:56:01.391223, 1.575,,, 1.005,, 1.125
2025-04-24 04:57:01.847693, 1.575,,, 1.005,, 1.125
2025-04-24 04:58:01.295091, 1.575,,,0.9420000000000001,, 1.125
2025-04-24 04:59:01.751927,1.5119999999999998,,, 1.005,, 1.125
2025-04-24 05:00:01.209613, 1.575,,, 1.005,, 1.125
2025-04-24 05:01:01.812055, 1.575,,, 1.005,, 1.125
2025-04-24 05:02:01.262959, 1.575,,, 1.005,, 1.063
2025-04-24 05:03:01.718619, 1.575,,, 1.005,, 1.063
2025-04-24 05:04:01.166378, 1.575,,, 1.005,, 1.063
2025-04-24 05:05:01.627887,1.5119999999999998,,, 1.005,, 1.063
2025-04-24 05:06:01.146985,1.5119999999999998,,,0.9420000000000001,, 1.063
2025-04-24 05:07:01.689830,1.5119999999999998,,,0.9420000000000001,, 1.063
2025-04-24 05:08:01.134303,1.5119999999999998,,,0.9420000000000001,, 1.063
2025-04-24 05:09:01.590288,1.5119999999999998,,,0.9420000000000001,,   1.0
2025-04-24 05:10:02.049970,1.5119999999999998,,,0.9420000000000001,, 1.063
2025-04-24 05:11:01.516150,1.5119999999999998,,,0.9420000000000001,, 1.063
2025-04-24 05:12:01.974249,1.5119999999999998,,,0.9420000000000001,,   1.0
2025-04-24 05:13:01.422317,1.5119999999999998,,,0.9420000000000001,, 1.063
2025-04-24 05:14:01.942238,1.5119999999999998,,,0.9420000000000001,, 1.063
2025-04-24 05:15:01.390126,1.5119999999999998,,,0.9420000000000001,, 1.063
2025-04-24 05:16:01.846725,1.5119999999999998,,,0.9420000000000001,, 1.063
2025-04-24 05:17:01.297372,  1.45,,,  0.88,, 1.063
2025-04-24 05:18:01.751339,1.3869999999999998,,,0.9420000000000001,, 1.063
2025-04-24 05:19:01.194500,  1.45,,,  0.88,,   1.0
2025-04-24 05:20:01.722910,  1.45,,,  0.88,, 1.063
2025-04-24 05:21:01.197034,  1.45,,,  0.88,,   1.0
2025-04-24 05:22:01.656090,  1.45,,,  0.88,,   1.0
2025-04-24 05:23:01.102101,1.3869999999999998,,,  0.88,,   1.0
2025-04-24 05:24:01.558184,  1.45,,,  0.88,,   1.0
2025-04-24 05:25:02.011593,  1.45,,,  0.88,,   1.0
2025-04-24 05:26:01.540602,  1.45,,,  0.88,, 0.938
2025-04-24 05:27:01.996238,  1.45,,,  0.88,,   1.0
2025-04-24 05:28:01.444181,  1.45,,,  0.88,, 0.938
2025-04-24 05:29:01.900551,  1.45,,,  0.88,, 0.938
2025-04-24 05:30:01.354062,  1.45,,,  0.88,, 0.938
2025-04-24 05:31:01.804255,  1.45,,,  0.88,, 0.938
2025-04-24 05:32:01.347841,1.3869999999999998,,,  0.88,, 0.938
2025-04-24 05:33:01.802471, 1.325,,, 0.817,, 0.938
2025-04-24 05:34:01.251119, 1.325,,, 0.817,, 0.938
2025-04-24 05:35:01.752255, 1.325,,, 0.817,, 0.875
2025-04-24 05:36:01.186076, 1.325,,, 0.755,, 0.875
2025-04-24 05:37:01.643355, 1.325,,, 0.755,, 0.938
2025-04-24 05:38:01.243156,1.2619999999999998,,, 0.755,, 0.938
2025-04-24 05:39:01.691015,1.2619999999999998,,, 0.755,, 0.875
2025-04-24 05:40:01.168696, 1.325,,, 0.755,, 0.875
2025-04-24 05:41:01.652108, 1.325,,, 0.755,, 0.875
2025-04-24 05:42:01.132621, 1.325,,, 0.817,, 0.875
2025-04-24 05:43:01.628014, 1.325,,, 0.817,, 0.875
2025-04-24 05:44:01.164091, 1.325,,, 0.817,, 0.875
2025-04-24 05:45:01.648170, 1.325,,, 0.755,, 0.875
2025-04-24 05:46:01.099796,1.2619999999999998,,, 0.755,, 0.875
2025-04-24 05:47:01.558108, 1.325,,, 0.755,, 0.813
2025-04-24 05:48:02.007497,1.2619999999999998,,, 0.755,, 0.813
2025-04-24 05:49:01.454728,1.2619999999999998,,, 0.755,, 0.813
2025-04-24 05:50:02.010110,1.2619999999999998,,, 0.755,, 0.813
2025-04-24 05:51:01.516788,1.2619999999999998,,, 0.755,, 0.813
2025-04-24 05:52:01.984527,1.2619999999999998,,, 0.755,, 0.813
2025-04-24 05:53:01.454115,1.2619999999999998,,, 0.755,, 0.813
2025-04-24 05:54:01.909399,1.2619999999999998,,, 0.755,, 0.813
2025-04-24 05:55:01.365802,1.2619999999999998,,, 0.692,, 0.813
2025-04-24 05:56:01.911184,1.2619999999999998,,, 0.692,, 0.813
2025-04-24 05:57:01.358069,1.2619999999999998,,, 0.692,, 0.813
2025-04-24 05:58:01.814440,   1.2,,, 0.692,, 0.813
2025-04-24 05:59:01.262177,   1.2,,, 0.692,, 0.813
2025-04-24 06:00:01.729331,1.1369999999999998,,,  0.63,,  0.75
2025-04-24 06:01:01.228397,   1.2,,,  0.63,,  0.75
2025-04-24 06:02:01.782147,   1.2,,,  0.63,,  0.75
2025-04-24 06:03:01.232380,   1.2,,,  0.63,,  0.75
2025-04-24 06:04:01.733081,   1.2,,,  0.63,, 0.813
2025-04-24 06:05:01.204363,   1.2,,,  0.63,,  0.75
2025-04-24 06:06:01.653350,   1.2,,,  0.63,,  0.75
2025-04-24 06:07:01.102974,   1.2,,, 0.692,,  0.75
2025-04-24 06:08:01.654768,1.2619999999999998,,,  0.63,, 0.813
2025-04-24 06:09:01.102389,1.2619999999999998,,, 0.692,,  0.75
2025-04-24 06:10:01.563101,   1.2,,,  0.63,,  0.75
2025-04-24 06:11:01.068512,   1.2,,,  0.63,,  0.75
2025-04-24 06:12:01.526199,1.1369999999999998,,,  0.63,,  0.75
2025-04-24 06:13:01.975721,1.1369999999999998,,,  0.63,,  0.75
2025-04-24 06:14:01.422952, 1.075,,,  0.63,, 0.688
2025-04-24 06:15:01.942868,1.1369999999999998,,,  0.63,,  0.75
2025-04-24 06:16:01.390180,1.1369999999999998,,,  0.63,, 0.688
2025-04-24 06:17:01.849385,1.1369999999999998,,,  0.63,, 0.688
2025-04-24 06:18:01.294733,1.1369999999999998,,,  0.63,, 0.688
2025-04-24 06:19:01.754976,1.1369999999999998,,,  0.63,,  0.75
2025-04-24 06:20:01.203646,1.1369999999999998,,,  0.63,, 0.688
2025-04-24 06:21:01.716948,1.1369999999999998,,,  0.63,, 0.688
2025-04-24 06:22:01.166953,1.1369999999999998,,,  0.63,, 0.688
2025-04-24 06:23:01.622091,1.1369999999999998,,,  0.63,,  0.75
2025-04-24 06:24:01.071009,   1.2,,,  0.63,,  0.75
2025-04-24 06:25:01.535462,   1.2,,,  0.63,, 0.688
2025-04-24 06:26:02.006624,   1.2,,,  0.63,, 0.688
2025-04-24 06:27:01.550746,1.1369999999999998,,,  0.63,, 0.688
2025-04-24 06:28:02.007335,   1.2,,,  0.63,, 0.688
2025-04-24 06:29:01.455659,1.1369999999999998,,,  0.63,,  0.75
2025-04-24 06:30:01.915297,1.1369999999999998,,,  0.63,, 0.688
2025-04-24 06:31:01.388069,   1.2,,,  0.63,, 0.688
2025-04-24 06:32:01.846608,1.1369999999999998,,,  0.63,,  0.75
2025-04-24 06:33:01.389886, 1.075,,,  0.63,, 0.688
2025-04-24 06:34:01.846310,1.1369999999999998,,,  0.63,,  0.75
2025-04-24 06:35:01.294080,1.1369999999999998,,,  0.63,, 0.688
2025-04-24 06:36:01.750688, 1.075,,,  0.63,,  0.75
2025-04-24 06:37:01.198725,1.1369999999999998,,,  0.63,, 0.688
2025-04-24 06:38:01.654447,1.1369999999999998,,,  0.63,, 0.688
2025-04-24 06:39:01.198180,1.1369999999999998,,,  0.63,, 0.688
2025-04-24 06:40:01.658948,1.1369999999999998,,,  0.63,,  0.75
2025-04-24 06:41:01.131903, 1.075,,,  0.63,, 0.688
2025-04-24 06:42:01.591105,1.1369999999999998,,,  0.63,,  0.75
2025-04-24 06:43:02.038241,1.1369999999999998,,,  0.63,, 0.688
2025-04-24 06:44:01.486323,1.1369999999999998,,,  0.63,,  0.75
2025-04-24 06:45:02.038380,1.1369999999999998,,,  0.63,,  0.75
2025-04-24 06:46:01.485155,1.1369999999999998,,,  0.63,, 0.688
2025-04-24 06:47:01.943596,1.1369999999999998,,,  0.63,, 0.688
2025-04-24 06:48:01.380886,   1.2,,,  0.63,,  0.75
2025-04-24 06:49:01.836220,   1.2,,, 0.692,,  0.75
2025-04-24 06:50:01.289971,1.2619999999999998,,,  0.63,, 0.688
2025-04-24 06:51:01.835626,   1.2,,, 0.692,,  0.75
2025-04-24 06:52:01.284288,1.1369999999999998,,, 0.692,,  0.75
2025-04-24 06:53:01.739753,   1.2,,, 0.692,,  0.75
2025-04-24 06:54:01.188394,   1.2,,, 0.692,,  0.75
2025-04-24 06:55:01.642730,   1.2,,, 0.755,, 0.813
2025-04-24 06:56:01.090449,1.2619999999999998,,, 0.755,,  0.75
2025-04-24 06:57:01.642782,1.2619999999999998,,, 0.755,, 0.813
2025-04-24 06:58:01.090295, 1.325,,, 0.817,, 0.875
2025-04-24 06:59:01.592871, 1.325,,, 0.817,, 0.875
2025-04-24 07:00:02.038195,1.2619999999999998,,, 0.817,, 0.875
2025-04-24 07:01:01.516848, 1.325,,,  0.88,, 0.875
2025-04-24 07:02:02.019133,1.2619999999999998,,,  0.88,, 0.875
2025-04-24 07:03:01.484062,1.3869999999999998,,, 0.817,, 0.938
2025-04-24 07:04:02.002842,1.3869999999999998,,,0.9420000000000001,, 0.938
2025-04-24 07:05:01.503734,  1.45,,,0.9420000000000001,, 0.938
2025-04-24 07:06:01.972923,  1.45,,,0.9420000000000001,,   1.0
2025-04-24 07:07:01.420021,  1.45,,, 1.005,,   1.0
2025-04-24 07:08:01.878176,  1.45,,, 1.005,,   1.0
2025-04-24 07:09:01.326712,1.5119999999999998,,, 1.005,, 1.063
2025-04-24 07:10:01.849316,1.5119999999999998,,,1.0670000000000002,, 1.063
2025-04-24 07:11:01.324538,  1.45,,,1.0670000000000002,, 1.063
2025-04-24 07:12:01.783529,  1.45,,,1.0670000000000002,, 1.125
2025-04-24 07:13:01.230194,1.5119999999999998,,, 1.005,, 1.125
2025-04-24 07:14:01.687731,1.5119999999999998,,,1.0670000000000002,, 1.125
2025-04-24 07:15:01.134741,1.6369999999999998,,,  1.13,, 1.125
2025-04-24 07:16:01.654472,1.6369999999999998,,,  1.13,, 1.188
2025-04-24 07:17:01.105540,   1.7,,,1.1920000000000002,, 1.188
2025-04-24 07:18:01.558524,1.6369999999999998,,,1.1920000000000002,, 1.188
2025-04-24 07:19:02.007011,1.6369999999999998,,,1.1920000000000002,,  1.25
2025-04-24 07:20:01.469507,1.7619999999999998,,, 1.255,, 1.188
2025-04-24 07:21:01.940961,1.6369999999999998,,, 1.255,, 1.188
2025-04-24 07:22:01.486144,   1.7,,,1.1920000000000002,, 1.188
2025-04-24 07:23:01.942833,1.7619999999999998,,,1.1920000000000002,,  1.25
2025-04-24 07:24:01.401865,1.8869999999999998,,, 1.255,,  1.25
2025-04-24 07:25:01.852687,1.8869999999999998,,,1.3170000000000002,,  1.25
2025-04-24 07:26:01.294826,   2.2,,,1.5670000000000002,, 1.438
2025-04-24 07:27:01.751510,2.0119999999999996,,,1.4420000000000002,, 1.375
2025-04-24 07:28:01.295804,2.0119999999999996,,, 1.505,, 1.375
2025-04-24 07:29:01.750366,83.825,,,1.6920000000000002,, 1.562
2025-04-24 07:30:01.202793,83.825,,, 2.005,, 1.687
2025-04-24 07:31:01.652754,83.825,,,  2.13,, 1.875
2025-04-24 07:32:01.102221,83.825,,,2.9419999999999997,, 2.375
2025-04-24 07:33:01.559089,83.825,,,3.5669999999999997,,2.8120000000000003
2025-04-24 07:34:01.102407,83.825,,,  4.13,,  3.25
2025-04-24 07:35:01.559597,83.825,,, 4.442,, 3.625
2025-04-24 07:36:02.007288,83.825,,,  4.88,,   4.0
2025-04-24 07:37:01.462025,83.825,,, 5.192,, 4.375
2025-04-24 07:38:01.901393,83.825,,, 5.567,,4.686999999999999
2025-04-24 07:39:01.357479,83.825,,,  5.88,,5.061999999999999
2025-04-24 07:40:01.916516,83.825,,, 6.192,,5.311999999999999
2025-04-24 07:41:01.421862,83.825,,,  6.38,, 5.625
2025-04-24 07:42:01.879113,83.825,,, 6.567,, 5.875
2025-04-24 07:43:01.325617,83.825,,,  6.63,, 6.062
2025-04-24 07:44:01.782069,83.825,,,  6.63,, 6.312
2025-04-24 07:45:01.230908,83.825,,, 6.755,,   6.5
2025-04-24 07:46:01.783134,83.825,,, 7.005,, 6.687
2025-04-24 07:47:01.229227,83.825,,,  7.13,, 6.875
2025-04-24 07:48:01.686334,83.825,,, 7.192,,   7.0
2025-04-24 07:49:01.135078,83.825,,, 7.192,, 7.062
2025-04-24 07:50:01.596666,83.825,,, 7.255,, 7.187
2025-04-24 07:51:01.133332,83.825,,, 7.317,, 7.312
2025-04-24 07:52:01.654531,83.825,,, 7.442,, 7.562
2025-04-24 07:53:01.103050,83.825,,, 7.505,, 7.687
2025-04-24 07:54:01.558384,83.825,,, 7.505,,  7.75
2025-04-24 07:55:02.006602,83.825,,,  7.38,, 7.875
2025-04-24 07:56:01.455167,83.825,,, 7.317,, 7.937
2025-04-24 07:57:01.910991,83.825,,, 7.255,, 7.687
2025-04-24 07:58:01.359446,83.825,,, 7.067,, 7.437
2025-04-24 07:59:01.878615,83.825,,, 6.755,, 7.187
2025-04-24 08:00:01.338051,83.825,,, 6.567,,   7.0
2025-04-24 08:01:01.813739,83.825,,, 6.505,, 6.937
2025-04-24 08:02:01.263928,83.825,,,  6.38,,   7.0
2025-04-24 08:03:01.719886,83.825,,, 6.317,,   7.0
2025-04-24 08:04:01.166570,83.825,,, 6.192,, 6.875
2025-04-24 08:05:01.690508,83.825,,, 6.192,,  6.75
2025-04-24 08:06:01.154301,83.825,,,  6.13,, 6.625
2025-04-24 08:07:01.613098,83.825,,, 6.067,, 6.625
2025-04-24 08:08:01.059892,83.825,,, 5.942,, 6.625
2025-04-24 08:09:01.516664,83.825,,, 5.817,, 6.625
2025-04-24 08:10:01.983609,83.825,,,  5.63,,   6.5
2025-04-24 08:11:01.476596,83.825,,, 5.442,,  6.25
2025-04-24 08:12:01.933694,83.825,,,  5.38,, 6.125
2025-04-24 08:13:01.381033,83.825,,, 5.255,,   6.0
2025-04-24 08:14:01.834301,83.825,,,  5.13,, 5.875
2025-04-24 08:15:01.281644,83.825,,, 4.942,, 5.687
2025-04-24 08:16:01.737946,83.825,,, 4.817,, 5.562
2025-04-24 08:17:01.189013,83.825,,,  4.63,, 5.375
2025-04-24 08:18:01.707263,83.825,,, 4.567,,5.311999999999999
2025-04-24 08:19:01.164677,83.825,,, 4.567,,  5.25
2025-04-24 08:20:01.625712,83.825,,, 4.567,,5.186999999999999
2025-04-24 08:21:01.100742,83.825,,, 4.442,, 5.125
2025-04-24 08:22:01.556060,83.825,,, 4.505,,5.061999999999999
2025-04-24 08:23:02.002052,83.825,,, 4.442,,   5.0
2025-04-24 08:24:01.453448,83.825,,,  4.38,,4.936999999999999
2025-04-24 08:25:01.915601,83.825,,,  4.38,, 4.875
2025-04-24 08:26:01.388679,83.825,,, 4.442,, 4.875
2025-04-24 08:27:01.845327,83.825,,, 4.505,, 4.875
2025-04-24 08:28:01.295036,83.825,,, 4.505,,4.811999999999999
2025-04-24 08:29:01.750917,83.825,,, 4.505,,  4.75
2025-04-24 08:30:01.202995,83.825,,, 4.817,,  4.75
2025-04-24 08:31:01.716807,83.825,,, 5.192,,4.811999999999999
2025-04-24 08:32:01.166157,83.825,,, 5.442,,4.811999999999999
2025-04-24 08:33:01.623223,83.825,,,  5.63,, 4.875
2025-04-24 08:34:01.070809,83.825,,, 5.817,, 4.875
2025-04-24 08:35:01.526158,83.825,,, 6.067,,4.936999999999999
2025-04-24 08:36:01.975164,83.825,,, 6.255,,   5.0
2025-04-24 08:37:01.454384,83.825,,, 6.505,, 5.125
2025-04-24 08:38:01.911082,83.825,,,  6.63,, 5.125
2025-04-24 08:39:01.355643,83.825,,, 6.817,,  5.25
2025-04-24 08:40:01.819818,83.825,,, 7.067,,5.311999999999999
2025-04-24 08:41:01.325039,83.825,,, 7.317,,5.436999999999999
2025-04-24 08:42:01.777011,83.825,,, 7.567,, 5.562
2025-04-24 08:43:01.230633,83.825,,,  7.88,,  5.75
2025-04-24 08:44:01.751160,83.825,,, 8.067,, 5.937
2025-04-24 08:45:01.198784,83.825,,, 8.317,, 6.187
2025-04-24 08:46:01.655689,83.825,,, 8.505,, 6.562
2025-04-24 08:47:01.103141,83.825,,, 8.942,,   7.0
2025-04-24 08:48:01.558894,83.825,,, 9.317,, 7.437
2025-04-24 08:49:02.007075,83.825,,, 9.505,, 7.812
2025-04-24 08:50:01.520373,83.825,,, 9.692,, 8.125
2025-04-24 08:51:01.971075,83.825,,, 10.13,,   8.5
2025-04-24 08:52:01.423594,83.825,,,10.067,, 8.625
2025-04-24 08:53:01.879560,83.825,,, 9.942,,8.687000000000001
2025-04-24 08:54:01.327503,83.825,,,10.067,,8.687000000000001
2025-04-24 08:55:01.829468,83.825,,,  9.88,,  8.75
2025-04-24 08:56:01.294998,83.825,,, 9.755,,  8.75
2025-04-24 08:57:01.814916,83.825,,, 9.505,, 8.625
2025-04-24 08:58:01.262604,83.825,,, 9.442,,8.562000000000001
2025-04-24 08:59:01.718166,83.825,,, 9.442,, 8.625
2025-04-24 09:00:01.178937,83.825,,,  9.63,,8.687000000000001
2025-04-24 09:01:01.653174,83.825,,, 9.692,,  8.75
2025-04-24 09:02:01.102726,83.825,,, 9.692,,8.812000000000001
2025-04-24 09:03:01.623095,83.825,,, 9.817,,8.937000000000001
2025-04-24 09:04:01.070952,83.825,,,10.005,,   9.0
2025-04-24 09:05:01.533188,83.825,,,  9.88,,9.062000000000001
2025-04-24 09:06:02.005210,83.825,,, 9.942,,9.187000000000001
2025-04-24 09:07:01.461932,83.825,,,  9.88,,9.187000000000001
2025-04-24 09:08:01.911256,83.825,,,10.005,,9.312000000000001
2025-04-24 09:09:01.456352,83.825,,, 10.38,,   9.5
2025-04-24 09:10:01.916617,83.825,,,10.692,, 9.812
2025-04-24 09:11:01.422768,83.825,,,10.755,,  10.0
2025-04-24 09:12:01.878608,83.825,,,10.755,,  10.0
2025-04-24 09:13:01.327325,83.825,,,10.692,,10.062
2025-04-24 09:14:01.782552,83.825,,,10.942,,10.125
2025-04-24 09:15:01.326913,83.825,,,11.005,,10.187
2025-04-24 09:16:01.783598,83.825,,,11.067,, 10.25
2025-04-24 09:17:01.233068,83.825,,,10.942,,10.187
2025-04-24 09:18:01.687722,83.825,,,10.692,,10.125
2025-04-24 09:19:01.135185,83.825,,,10.692,,10.062
2025-04-24 09:20:01.596333,83.825,,,11.005,,10.187
2025-04-24 09:21:01.229645,83.825,,,11.192,,10.375
2025-04-24 09:22:01.686757,83.825,,,11.317,,10.562
2025-04-24 09:23:01.124259,83.825,,,11.692,, 10.75
2025-04-24 09:24:01.580194,83.825,,,11.817,,  11.0
2025-04-24 09:25:01.033130,83.825,,, 11.88,,11.187
2025-04-24 09:26:01.483946,83.825,,,11.755,, 11.25
2025-04-24 09:27:01.027953,83.825,,, 11.88,,11.312
2025-04-24 09:28:01.485734,83.825,,,12.067,,11.375
2025-04-24 09:29:01.933322,83.825,,,12.005,,11.437
2025-04-24 09:30:01.386287,83.825,,,12.067,,11.437
2025-04-24 09:31:01.866373,83.825,,,12.067,,  11.5
2025-04-24 09:32:01.314324,83.825,,,12.192,,11.625
2025-04-24 09:33:01.867366,83.825,,,12.567,,11.812
2025-04-24 09:34:01.315231,83.825,,,12.942,,12.062
2025-04-24 09:35:01.770058,83.825,,,13.005,,12.187
2025-04-24 09:36:01.229170,83.825,,, 13.13,,12.312
2025-04-24 09:37:01.691762,83.825,,,13.192,,12.437
2025-04-24 09:38:01.165334,83.825,,,13.255,,12.562
2025-04-24 09:39:01.717131,83.825,,, 13.63,,12.812
2025-04-24 09:40:01.169533,83.825,,,14.005,,13.062
2025-04-24 09:41:01.685494,83.825,,, 13.88,,  13.0
2025-04-24 09:42:01.132277,83.825,,,14.067,,13.125
2025-04-24 09:43:01.637374,83.825,,,14.317,,13.187
2025-04-24 09:44:01.100345,83.825,,, 14.38,,13.312
2025-04-24 09:45:01.653099,83.825,,, 14.13,,13.375
2025-04-24 09:46:01.102280,83.825,,,14.255,,13.437
2025-04-24 09:47:01.567480,83.825,,,14.067,,13.375
2025-04-24 09:48:02.038362,83.825,,,13.692,,13.125
2025-04-24 09:49:01.486206,83.825,,, 13.13,, 12.75
2025-04-24 09:50:01.946023,83.825,,,12.692,,  12.5
2025-04-24 09:51:01.420598,83.825,,,12.692,,12.375
2025-04-24 09:52:01.942002,83.825,,,12.755,,  12.5
2025-04-24 09:53:01.390278,83.825,,,13.005,,12.687
2025-04-24 09:54:01.856422,83.825,,,13.505,,13.062
2025-04-24 09:55:01.326910,83.825,,,13.692,,13.187
2025-04-24 09:56:01.782180,83.825,,, 13.63,,13.312
2025-04-24 09:57:01.230974,83.825,,,13.942,,13.437
2025-04-24 09:58:01.751100,83.825,,,14.255,,13.687
2025-04-24 09:59:01.199291,83.825,,,14.192,,13.687
2025-04-24 10:00:01.665735,83.825,,,14.317,, 13.75
2025-04-24 10:01:01.165073,83.825,,,14.255,, 13.75
2025-04-24 10:02:01.612726,83.825,,, 14.38,,13.875
2025-04-24 10:03:01.075115,83.825,,, 14.38,,13.875
2025-04-24 10:04:01.590320,83.825,,,14.317,,  14.0
2025-04-24 10:05:01.043374,83.825,,,14.505,,14.062
2025-04-24 10:06:01.492962,83.825,,,14.505,,14.125
2025-04-24 10:07:01.943685,83.825,,, 14.88,, 14.25
2025-04-24 10:08:01.389824,83.825,,,15.317,,14.562
2025-04-24 10:09:01.846092,83.825,,,15.255,,14.562
2025-04-24 10:10:01.394896,83.825,,,15.067,,  14.5
2025-04-24 10:11:01.844519,83.825,,,14.817,,14.437
2025-04-24 10:12:01.294618,83.825,,,14.817,,  14.5
2025-04-24 10:13:01.750413,83.825,,, 14.88,,14.437
2025-04-24 10:14:01.198209,83.825,,, 14.63,,14.312
2025-04-24 10:15:01.654129,83.825,,, 14.13,,14.125
2025-04-24 10:16:01.198239,83.825,,,14.067,,13.937
2025-04-24 10:17:01.657016,83.825,,,13.755,,13.812
2025-04-24 10:18:01.102910,83.825,,,13.692,,13.687
2025-04-24 10:19:01.557562,83.825,,,13.755,,13.625
2025-04-24 10:20:02.014082,83.825,,,13.692,,13.625
2025-04-24 10:21:01.485467,83.825,,,13.505,,13.625
2025-04-24 10:22:01.041064,83.825,,,13.317,,  13.5
2025-04-24 10:23:01.499744,83.825,,,13.317,,  13.5
2025-04-24 10:24:01.942500,83.825,,,13.317,,13.437
2025-04-24 10:25:01.442324,83.825,,,13.442,,  13.5
2025-04-24 10:26:01.910789,83.825,,,13.567,, 13.75
2025-04-24 10:27:01.359188,83.825,,,13.817,, 13.75
2025-04-24 10:28:01.910834,83.825,,,13.692,,13.875
2025-04-24 10:29:01.359077,83.825,,,13.817,,13.875
2025-04-24 10:30:01.820159,83.825,,, 14.13,,13.937
2025-04-24 10:31:01.293261,83.825,,,14.317,,14.187
2025-04-24 10:32:01.750847,83.825,,,14.505,,14.312
2025-04-24 10:33:01.198724,83.825,,,14.317,,14.375
2025-04-24 10:34:01.755171,83.825,,,14.192,,14.375
2025-04-24 10:35:01.199491,83.825,,, 14.13,,14.312
2025-04-24 10:36:01.654917,83.825,,,14.192,,14.312
2025-04-24 10:37:01.103552,83.825,,,14.255,,14.437
2025-04-24 10:38:01.559577,83.825,,,14.067,,14.437
2025-04-24 10:39:02.006165,83.825,,,13.942,,14.375
2025-04-24 10:40:01.459634,83.825,,,14.005,,14.312
2025-04-24 10:41:02.037062,83.825,,,13.817,,14.312
2025-04-24 10:42:01.486589,83.825,,, 14.13,,14.375
2025-04-24 10:43:01.943162,83.825,,, 14.13,,14.437
2025-04-24 10:44:01.380955,83.825,,,13.817,,14.312
2025-04-24 10:45:01.836119,83.825,,,13.692,,14.125
2025-04-24 10:46:01.284413,83.825,,,13.505,,  14.0
2025-04-24 10:47:01.804478,83.825,,, 13.38,,  14.0
2025-04-24 10:48:01.252131,83.825,,,13.692,,14.187
2025-04-24 10:49:01.708492,83.825,,,14.005,,14.375
2025-04-24 10:50:01.162643,83.825,,,14.317,,14.687
2025-04-24 10:51:01.641866,83.825,,, 14.63,,14.875
2025-04-24 10:52:01.089836,83.825,,,14.817,,15.062
2025-04-24 10:53:01.609943,83.825,,,15.005,,15.312
2025-04-24 10:54:01.058299,83.825,,,15.255,,  15.5
2025-04-24 10:55:01.514456,83.825,,, 15.13,,15.562
2025-04-24 10:56:01.961485,83.825,,,15.317,,15.687
2025-04-24 10:57:01.420548,83.825,,,15.442,,15.812
2025-04-24 10:58:01.876046,83.825,,, 15.63,,  16.0
2025-04-24 10:59:01.419922,83.825,,, 15.88,,16.186999999999998
2025-04-24 11:00:01.888102,83.825,,,16.317,,16.375
2025-04-24 11:01:01.356659,83.825,,,16.505,,16.625
2025-04-24 11:02:01.811287,83.825,,,16.567,,16.811999999999998
2025-04-24 11:03:01.260771,83.825,,, 16.63,,17.061999999999998
2025-04-24 11:04:01.728326,83.825,,,16.755,, 17.25
2025-04-24 11:05:01.203869,83.825,,, 16.88,,17.436999999999998
2025-04-24 11:06:01.717301,83.825,,,17.005,,17.625
2025-04-24 11:07:01.166605,83.825,,, 16.88,, 17.75
2025-04-24 11:08:01.621960,83.825,,, 16.88,,17.875
2025-04-24 11:09:01.070771,83.825,,,16.567,,  18.0
2025-04-24 11:10:01.531986,83.825,,,16.442,,  18.0
2025-04-24 11:11:01.069000,83.825,,,16.255,,17.937
2025-04-24 11:12:01.590940,83.825,,,16.255,,17.937
2025-04-24 11:13:02.039145,83.825,,,16.067,,17.875
2025-04-24 11:14:01.487660,83.825,,, 15.88,,17.937
2025-04-24 11:15:01.943694,83.825,,,15.942,,17.875
2025-04-24 11:16:01.391832,83.825,,,15.942,,17.937
2025-04-24 11:17:01.849102,83.825,,,15.942,,18.062
2025-04-24 11:18:01.391290,83.825,,,16.255,,  18.0
2025-04-24 11:19:01.847472,83.825,,,16.442,,18.062
2025-04-24 11:20:01.297998,83.825,,,16.442,,18.062
2025-04-24 11:21:01.780372,83.825,,,16.442,,18.062
2025-04-24 11:22:01.241364,83.825,,,16.067,,18.062
2025-04-24 11:23:01.687622,83.825,,,16.442,,18.187
2025-04-24 11:24:01.135941,83.825,,, 16.38,, 18.25
2025-04-24 11:25:01.660586,83.825,,, 16.38,,18.187
2025-04-24 11:26:01.102090,83.825,,,15.817,,18.062
2025-04-24 11:27:01.558810,83.825,,,15.442,,  18.0
2025-04-24 11:28:02.006941,83.825,,,15.505,,  18.0
2025-04-24 11:29:01.456458,83.825,,,15.692,,18.125
2025-04-24 11:30:01.913636,83.825,,, 15.88,, 18.25
2025-04-24 11:31:01.452811,83.825,,,15.942,,18.312
2025-04-24 11:32:01.911228,83.825,,,15.755,,18.062
2025-04-24 11:33:01.358931,83.825,,,15.567,,  18.0
2025-04-24 11:34:01.813847,83.825,,,15.442,, 17.75
2025-04-24 11:35:01.262974,83.825,,,15.442,,17.812
2025-04-24 11:36:01.719447,83.825,,,15.442,,17.875
2025-04-24 11:37:01.167242,83.825,,, 15.38,,17.937
2025-04-24 11:38:01.687392,83.825,,, 15.38,,  18.0
2025-04-24 11:39:01.134047,83.825,,,15.317,,  18.0
2025-04-24 11:40:01.595246,83.825,,,15.255,,  18.0
2025-04-24 11:41:01.068015,83.825,,,15.192,,17.875
2025-04-24 11:42:01.526278,83.825,,,15.067,,17.812
2025-04-24 11:43:01.972726,83.825,,,14.942,,17.687
2025-04-24 11:44:01.453676,83.825,,,14.692,,17.562
2025-04-24 11:45:01.911155,83.825,,,14.692,,17.625
2025-04-24 11:46:01.390747,83.825,,,14.692,,17.562
2025-04-24 11:47:01.846776,83.825,,, 14.63,,17.625
2025-04-24 11:48:01.295092,83.825,,, 14.63,,17.625
2025-04-24 11:49:01.796944,83.825,,,14.567,,17.812
2025-04-24 11:50:01.266515,83.825,,,14.442,,17.562
2025-04-24 11:51:01.780769,83.825,,,14.255,,17.562
2025-04-24 11:52:01.231294,83.825,,,14.067,,17.375
2025-04-24 11:53:01.686595,83.825,,, 13.88,,17.186999999999998
2025-04-24 11:54:01.135135,83.825,,,13.755,,17.375
2025-04-24 11:55:01.590774,83.825,,,13.692,,17.311999999999998
2025-04-24 11:56:01.037661,83.825,,,13.692,,17.562
2025-04-24 11:57:01.558119,83.825,,,13.755,,17.625
2025-04-24 11:58:02.015043,83.825,,,13.692,,17.436999999999998
2025-04-24 11:59:01.486438,83.825,,,13.567,,17.186999999999998
2025-04-24 12:00:01.959996,83.825,,,13.442,,17.061999999999998
2025-04-24 12:01:01.420613,83.825,,,13.442,,17.186999999999998
2025-04-24 12:02:01.879824,83.825,,,13.442,, 17.25
2025-04-24 12:03:01.411694,83.825,,,13.442,, 17.25
2025-04-24 12:04:01.869107,83.825,,, 13.38,,17.311999999999998
2025-04-24 12:05:01.321438,83.825,,, 13.38,, 17.25
2025-04-24 12:06:01.771809,83.825,,,13.317,,17.375
2025-04-24 12:07:01.220151,83.825,,,13.317,,17.311999999999998
2025-04-24 12:08:01.676545,83.825,,,13.192,, 17.25
2025-04-24 12:09:01.123879,83.825,,,13.005,,  17.0
2025-04-24 12:10:01.648113,83.825,,,12.942,,16.875
2025-04-24 12:11:01.090133,83.825,,,12.755,, 16.75
2025-04-24 12:12:01.545491,83.825,,,12.692,,16.686999999999998
2025-04-24 12:13:01.993575,83.825,,,12.692,,16.686999999999998
2025-04-24 12:14:01.451439,83.825,,,12.505,,16.625
2025-04-24 12:15:01.898016,83.825,,, 12.38,,16.436999999999998
2025-04-24 12:16:01.452093,83.825,,, 12.38,,  16.5
2025-04-24 12:17:01.942446,83.825,,,12.317,,16.311999999999998
2025-04-24 12:18:01.388680,83.825,,, 12.38,,16.436999999999998
2025-04-24 12:19:01.844599,83.825,,, 12.38,,16.561999999999998
2025-04-24 12:20:01.297241,83.825,,,12.442,,16.625
2025-04-24 12:21:01.748834,83.825,,, 12.38,,16.561999999999998
2025-04-24 12:22:01.196704,83.825,,,12.442,,16.686999999999998
2025-04-24 12:23:01.718397,83.825,,,12.505,,16.686999999999998
2025-04-24 12:24:01.166885,83.825,,,12.505,,16.625
2025-04-24 12:25:01.630542,83.825,,,12.505,,16.625
2025-04-24 12:26:01.102282,83.825,,,12.255,,16.436999999999998
2025-04-24 12:27:01.558862,83.825,,,12.067,, 16.25
2025-04-24 12:28:02.007073,83.825,,,11.942,,  16.0
2025-04-24 12:29:01.454187,83.825,,,11.755,,15.812
2025-04-24 12:30:01.915150,83.825,,, 11.38,,15.562
2025-04-24 12:31:01.420204,83.825,,,11.317,,15.375
2025-04-24 12:32:01.878136,83.825,,,11.067,,15.062
2025-04-24 12:33:01.325996,83.825,,, 10.88,,  15.0
2025-04-24 12:34:01.777145,83.825,,,10.817,,14.625
2025-04-24 12:35:01.229403,83.825,,,10.692,,14.437
2025-04-24 12:36:01.750322,83.825,,, 10.63,,14.437
2025-04-24 12:37:01.198200,83.825,,,10.692,,  14.5
2025-04-24 12:38:01.654028,83.825,,,10.755,,14.437
2025-04-24 12:39:01.111210,83.825,,,10.692,,14.312
2025-04-24 12:40:01.563709,83.825,,,10.692,,14.125
2025-04-24 12:41:02.036366,83.825,,, 10.63,,13.875
2025-04-24 12:42:01.519025,83.825,,,10.567,, 13.75
2025-04-24 12:43:01.974833,83.825,,, 10.63,,13.625
2025-04-24 12:44:01.449218,83.825,,,10.692,,13.562
2025-04-24 12:45:01.911268,83.825,,,10.692,,13.437
2025-04-24 12:46:01.359116,83.825,,,10.567,, 13.25
2025-04-24 12:47:01.860844,83.825,,,10.442,,13.125
2025-04-24 12:48:01.326001,83.825,,,10.317,,13.125
2025-04-24 12:49:01.846975,83.825,,, 10.38,,13.125
2025-04-24 12:50:01.344644,83.825,,,10.442,,13.125
2025-04-24 12:51:01.812674,83.825,,,10.505,,13.125
2025-04-24 12:52:01.262107,83.825,,,10.255,,12.875
2025-04-24 12:53:01.718146,83.825,,,10.067,,12.687
2025-04-24 12:54:01.166312,83.825,,, 9.817,,12.312
2025-04-24 12:55:01.686447,83.825,,, 9.755,,12.187
2025-04-24 12:56:01.134532,83.825,,,  9.63,,12.062
2025-04-24 12:57:01.590177,83.825,,, 9.692,,12.062
2025-04-24 12:58:01.038306,83.825,,, 9.755,,11.937
2025-04-24 12:59:01.495030,83.825,,, 9.755,,11.937
2025-04-24 13:00:01.958626,83.825,,, 9.755,,11.937
2025-04-24 13:01:01.580729,83.825,,, 9.755,,11.875
2025-04-24 13:02:01.038019,83.825,,, 9.567,,11.812
2025-04-24 13:03:01.494111,83.825,,, 9.505,,11.687
2025-04-24 13:04:01.943453,83.825,,, 9.442,,11.562
2025-04-24 13:05:01.396736,83.825,,, 9.442,,11.562
2025-04-24 13:06:01.845019,83.825,,, 9.505,,11.562
2025-04-24 13:07:01.391278,83.825,,, 9.567,,  11.5
2025-04-24 13:08:01.846817,83.825,,, 9.567,,11.437
2025-04-24 13:09:01.284072,83.825,,, 9.442,,11.312
2025-04-24 13:10:01.760281,83.825,,, 9.442,, 11.25
2025-04-24 13:11:01.229794,83.825,,,  9.38,, 11.25
2025-04-24 13:12:01.687388,83.825,,,  9.38,, 11.25
2025-04-24 13:13:01.231657,83.825,,, 9.442,, 11.25
2025-04-24 13:14:01.687836,83.825,,, 9.442,,11.187
2025-04-24 13:15:01.135632,83.825,,, 9.442,,11.125
2025-04-24 13:16:01.642085,83.825,,,  9.38,,11.062
2025-04-24 13:17:01.104846,83.825,,, 9.442,,11.125
2025-04-24 13:18:01.559379,83.825,,, 9.442,,11.125
2025-04-24 13:19:01.148439,83.825,,, 9.442,,  11.0
2025-04-24 13:20:01.594286,83.825,,, 9.317,,  11.0
2025-04-24 13:21:01.122316,83.825,,,  9.38,,10.937
2025-04-24 13:22:01.581185,83.825,,, 9.192,,10.875
2025-04-24 13:23:01.061112,83.825,,, 9.317,,10.812
2025-04-24 13:24:01.515715,83.825,,,  9.38,,10.812
